name,last_name,type_document_id,document_id,email,phone,student_state,headquarter_name,amount_1_1,amount_1_10,amount_1_2,amount_1_3,amount_1_4,amount_1_5,amount_1_6,amount_1_7,amount_1_8,amount_1_9,amount_2_1,amount_2_10,amount_2_2,amount_2_3,amount_2_4,amount_2_5,amount_2_6,amount_2_7,amount_2_8,amount_2_9,amount_3_1,amount_3_10,amount_3_2,amount_3_3,amount_3_4,amount_3_5,amount_3_6,amount_3_7,amount_3_8,amount_3_9,concept_1_1,concept_1_10,concept_1_2,concept_1_3,concept_1_4,concept_1_5,concept_1_6,concept_1_7,concept_1_8,concept_1_9,concept_2_1,concept_2_10,concept_2_2,concept_2_3,concept_2_4,concept_2_5,concept_2_6,concept_2_7,concept_2_8,concept_2_9,concept_3_1,concept_3_10,concept_3_2,concept_3_3,concept_3_4,concept_3_5,concept_3_6,concept_3_7,concept_3_8,concept_3_9,payment_method_1_1,payment_method_1_10,payment_method_1_2,payment_method_1_3,payment_method_1_4,payment_method_1_5,payment_method_1_6,payment_method_1_7,payment_method_1_8,payment_method_1_9,payment_method_2_1,payment_method_2_10,payment_method_2_2,payment_method_2_3,payment_method_2_4,payment_method_2_5,payment_method_2_6,payment_method_2_7,payment_method_2_8,payment_method_2_9,payment_method_3_1,payment_method_3_10,payment_method_3_2,payment_method_3_3,payment_method_3_4,payment_method_3_5,payment_method_3_6,payment_method_3_7,payment_method_3_8,payment_method_3_9,receipt_number_1_1,receipt_number_1_10,receipt_number_1_2,receipt_number_1_3,receipt_number_1_4,receipt_number_1_5,receipt_number_1_6,receipt_number_1_7,receipt_number_1_8,receipt_number_1_9,receipt_number_2_1,receipt_number_2_10,receipt_number_2_2,receipt_number_2_3,receipt_number_2_4,receipt_number_2_5,receipt_number_2_6,receipt_number_2_7,receipt_number_2_8,receipt_number_2_9,receipt_number_3_1,receipt_number_3_10,receipt_number_3_2,receipt_number_3_3,receipt_number_3_4,receipt_number_3_5,receipt_number_3_6,receipt_number_3_7,receipt_number_3_8,receipt_number_3_9,state_1,state_2,state_3
Melania,Abascal,TI,10965138,amaya01@example.com,3359154708,active,Sede Centro,192480.47,105899.18,51123.69,103866.37,56678.03,71772.35,220871.45,251087.91,294166.57,154640.97,,,,,,,,,,,,,,,,,,,,,Torneo interno,Recargo por mora,Descuento hermanos,Torneo interno,Pago anticipado,Torneo interno,Pago anticipado,Recargo por mora,Torneo interno,Recargo por mora,,,,,,,,,,,,,,,,,,,,,Transferencia,Nequi,Daviplata,Tarjeta,Daviplata,Nequi,Efectivo,Daviplata,Transferencia,Nequi,,,,,,,,,,,,,,,,,,,,,REC-651719,REC-615174,REC-572795,REC-694989,REC-468426,REC-528479,REC-674139,REC-196076,REC-759494,REC-769655,,,,,,,,,,,,,,,,,,,,,active,,
Brunilda,Sanabria,TI,13176186,telmoespanol@example.com,+57 325 436 5564,active,Sede Albacete,170952.6,256132.3,169129.79,154376.33,103733.37,245675.77,72069.0,172255.63,257072.06,62016.86,91400.19,290878.18,140990.87,63527.47,152720.66,206986.62,195707.01,196693.67,76505.77,248840.06,233876.73,148566.43,243302.97,116402.62,298686.29,192818.15,137337.85,243357.93,112568.02,73317.46,Pago anticipado,Descuento hermanos,Cuota adicional,Material deportivo,Mensualidad,Uniforme,Pago anticipado,Cuota adicional,Cuota adicional,Campamento,Pago anticipado,Cuota adicional,Campamento,Torneo interno,Pago anticipado,Uniforme,Campamento,Cuota adicional,Campamento,Torneo interno,Pago anticipado,Campamento,Mensualidad,Descuento hermanos,Uniforme,Descuento hermanos,Cuota adicional,Recargo por mora,Descuento hermanos,Matrícula,Tarjeta,Efectivo,Daviplata,PSE,PSE,Tarjeta,Tarjeta,Nequi,PSE,Tarjeta,Nequi,Efectivo,Nequi,Transferencia,Tarjeta,Nequi,PSE,Tarjeta,Efectivo,PSE,Tarjeta,Tarjeta,Tarjeta,Daviplata,Tarjeta,Transferencia,PSE,Nequi,Efectivo,PSE,REC-906510,REC-398313,REC-257878,REC-597008,REC-200857,REC-605828,REC-714265,REC-540762,REC-268539,REC-216208,REC-819192,REC-152270,REC-524107,REC-130334,REC-729463,REC-446081,REC-730886,REC-374053,REC-616015,REC-670861,REC-807620,REC-629426,REC-569941,REC-376218,REC-957987,REC-402252,REC-724284,REC-901996,REC-125853,REC-452088,expired,active,active
Josep,Benet,CE,15134794,dcabanas@example.net,3380526202,active,Sede Navarra,291224.69,61635.25,221284.83,244261.49,210871.67,297321.76,228063.94,260383.68,289074.04,282448.85,104339.11,147403.76,223461.94,136777.63,189474.6,52999.58,201901.04,117168.94,158867.02,169599.69,,,,,,,,,,,Uniforme,Descuento hermanos,Descuento hermanos,Mensualidad,Material deportivo,Matrícula,Cuota adicional,Torneo interno,Cuota adicional,Campamento,Mensualidad,Uniforme,Descuento hermanos,Torneo interno,Cuota adicional,Cuota adicional,Uniforme,Material deportivo,Torneo interno,Recargo por mora,,,,,,,,,,,Daviplata,PSE,Transferencia,Transferencia,Nequi,Daviplata,Transferencia,Efectivo,Transferencia,PSE,PSE,Tarjeta,Tarjeta,Nequi,Transferencia,Transferencia,Tarjeta,Daviplata,Tarjeta,Nequi,,,,,,,,,,,REC-267732,REC-353661,REC-276735,REC-961807,REC-608489,REC-274399,REC-290828,REC-402460,REC-118087,REC-984784,REC-452489,REC-554519,REC-644465,REC-186388,REC-834237,REC-727771,REC-178278,REC-226138,REC-778589,REC-314896,,,,,,,,,,,expired,expired,
Lourdes,Dalmau,CE,16095815,ncastell@example.net,+57 338 156 1125,active,Sede Ourense,60234.38,182733.71,132807.97,159104.67,209954.84,93316.21,144835.93,112594.67,162357.8,219741.94,232068.32,187314.25,68161.36,125116.77,199033.32,91584.04,76949.7,57163.21,287129.34,249522.73,,,,,,,,,,,Matrícula,Matrícula,Recargo por mora,Campamento,Cuota adicional,Mensualidad,Cuota adicional,Pago anticipado,Campamento,Matrícula,Campamento,Material deportivo,Matrícula,Pago anticipado,Material deportivo,Descuento hermanos,Torneo interno,Pago anticipado,Recargo por mora,Torneo interno,,,,,,,,,,,Transferencia,Daviplata,Daviplata,Transferencia,Daviplata,Daviplata,Daviplata,Nequi,Nequi,Tarjeta,Transferencia,Transferencia,Efectivo,Transferencia,Efectivo,Daviplata,Daviplata,Transferencia,Nequi,Efectivo,,,,,,,,,,,REC-142565,REC-591276,REC-436465,REC-184725,REC-246305,REC-675356,REC-880152,REC-257118,REC-736278,REC-661420,REC-116308,REC-767628,REC-484681,REC-291007,REC-333380,REC-500215,REC-409016,REC-461592,REC-486688,REC-243253,,,,,,,,,,,active,active,
Nicolasa,Sobrino,CC,16788532,marisol79@example.net,+57 315 228 4362,active,Sede Ourense,196992.44,111907.31,265246.52,95908.83,242335.77,97883.3,130257.65,164053.27,275622.12,287027.6,155372.47,92165.4,113013.91,252469.66,79080.34,279061.2,99292.93,57574.05,166592.42,166071.24,,,,,,,,,,,Mensualidad,Material deportivo,Pago anticipado,Descuento hermanos,Material deportivo,Material deportivo,Uniforme,Cuota adicional,Uniforme,Uniforme,Pago anticipado,Uniforme,Matrícula,Uniforme,Uniforme,Cuota adicional,Mensualidad,Mensualidad,Cuota adicional,Uniforme,,,,,,,,,,,Transferencia,Daviplata,Efectivo,Efectivo,Nequi,Daviplata,Nequi,Nequi,PSE,Transferencia,PSE,Daviplata,Transferencia,Tarjeta,Transferencia,Efectivo,Daviplata,Tarjeta,Transferencia,Efectivo,,,,,,,,,,,REC-327260,REC-325065,REC-432274,REC-574675,REC-587482,REC-454563,REC-652826,REC-950790,REC-887203,REC-481090,REC-399401,REC-478612,REC-815879,REC-331491,REC-387829,REC-445162,REC-581878,REC-422161,REC-386482,REC-713293,,,,,,,,,,,active,expired,
Tristán,Torralba,CC,20949687,porcelnicodemo@example.net,+57 342 534 8957,active,Sede Sur,226515.14,168208.21,74851.74,245211.04,135881.61,282841.06,172690.71,129198.66,154177.04,287773.8,261801.98,132279.9,82523.59,166902.27,295043.37,251494.91,130099.83,180154.36,121301.44,241412.85,166511.59,94293.97,238320.69,273838.91,241730.03,78510.03,91304.72,164132.74,93561.93,111166.44,Uniforme,Matrícula,Torneo interno,Mensualidad,Uniforme,Torneo interno,Recargo por mora,Descuento hermanos,Matrícula,Uniforme,Material deportivo,Recargo por mora,Torneo interno,Matrícula,Mensualidad,Descuento hermanos,Torneo interno,Uniforme,Recargo por mora,Uniforme,Descuento hermanos,Torneo interno,Descuento hermanos,Torneo interno,Campamento,Uniforme,Material deportivo,Matrícula,Material deportivo,Cuota adicional,Transferencia,PSE,PSE,Efectivo,Efectivo,Nequi,Daviplata,PSE,PSE,Transferencia,Transferencia,Nequi,PSE,Daviplata,Daviplata,Nequi,PSE,Transferencia,Nequi,Tarjeta,Efectivo,Nequi,PSE,Tarjeta,PSE,Transferencia,Nequi,Transferencia,PSE,PSE,REC-975022,REC-183607,REC-945637,REC-253620,REC-683170,REC-654941,REC-656905,REC-190365,REC-572257,REC-943159,REC-133090,REC-331574,REC-806556,REC-272623,REC-122387,REC-185091,REC-568605,REC-834924,REC-383096,REC-870614,REC-187382,REC-762226,REC-260156,REC-536485,REC-336612,REC-878945,REC-416176,REC-270408,REC-232373,REC-136244,active,active,expired
Emiliana,Beltran,CE,22120246,oribas@example.net,323-788-5295,active,Sede Navarra,89702.2,73140.07,188698.1,269922.76,166164.24,199565.54,120097.54,279388.12,182808.94,108798.55,210002.18,110269.59,221305.68,152180.93,269395.13,64908.64,199337.17,131992.16,57884.77,296767.24,71353.49,74658.32,157401.31,98368.85,251976.1,161046.9,206228.43,148758.72,223770.08,140650.96,Pago anticipado,Mensualidad,Campamento,Campamento,Pago anticipado,Mensualidad,Torneo interno,Matrícula,Uniforme,Torneo interno,Uniforme,Matrícula,Descuento hermanos,Matrícula,Torneo interno,Campamento,Material deportivo,Campamento,Torneo interno,Cuota adicional,Cuota adicional,Matrícula,Recargo por mora,Torneo interno,Descuento hermanos,Mensualidad,Matrícula,Mensualidad,Cuota adicional,Mensualidad,Daviplata,Daviplata,Transferencia,Transferencia,Nequi,Transferencia,Transferencia,Tarjeta,Tarjeta,PSE,Daviplata,PSE,Tarjeta,Nequi,Efectivo,Nequi,PSE,Efectivo,Nequi,Transferencia,Efectivo,PSE,Daviplata,Transferencia,Transferencia,PSE,PSE,Tarjeta,Efectivo,Efectivo,REC-148200,REC-717009,REC-867809,REC-433612,REC-527729,REC-804596,REC-816267,REC-677071,REC-563850,REC-353468,REC-855923,REC-184870,REC-479870,REC-729511,REC-512173,REC-276242,REC-173001,REC-792279,REC-593861,REC-805733,REC-977459,REC-307561,REC-626440,REC-726280,REC-196638,REC-207817,REC-130157,REC-498910,REC-481221,REC-848160,active,active,cancelled
Marisa,Porta,CC,22315507,fgimenez@example.org,3417060446,inactive,Sede Ourense,66979.65,186304.43,269626.63,209297.93,66561.96,236984.15,195290.79,295050.98,61650.04,52821.49,,,,,,,,,,,,,,,,,,,,,Uniforme,Descuento hermanos,Torneo interno,Cuota adicional,Descuento hermanos,Uniforme,Torneo interno,Descuento hermanos,Descuento hermanos,Torneo interno,,,,,,,,,,,,,,,,,,,,,Transferencia,Nequi,Daviplata,Efectivo,Daviplata,Efectivo,Nequi,PSE,Efectivo,PSE,,,,,,,,,,,,,,,,,,,,,REC-107622,REC-994710,REC-177968,REC-923522,REC-183105,REC-966995,REC-329172,REC-745961,REC-682766,REC-681101,,,,,,,,,,,,,,,,,,,,,active,,
Juan Manuel,Álamo,CC,22517517,igalan@example.net,(303) 3762152,active,Sede Sur,240046.02,88620.77,258948.98,95337.85,242241.88,131048.81,141266.62,80279.81,274927.49,81660.98,,,,,,,,,,,,,,,,,,,,,Recargo por mora,Cuota adicional,Pago anticipado,Matrícula,Cuota adicional,Pago anticipado,Torneo interno,Campamento,Torneo interno,Uniforme,,,,,,,,,,,,,,,,,,,,,Transferencia,Transferencia,Efectivo,PSE,PSE,Nequi,Nequi,Efectivo,Transferencia,PSE,,,,,,,,,,,,,,,,,,,,,REC-146657,REC-793147,REC-399901,REC-692718,REC-146117,REC-656639,REC-140611,REC-465308,REC-962260,REC-163753,,,,,,,,,,,,,,,,,,,,,active,,
Prudencio,Rosado,CE,23470708,murilloestrella@example.com,346-247-7717,active,Sede Suba,58857.32,151261.01,241717.85,201247.96,59294.03,105789.23,174498.59,193612.54,142038.98,272419.0,276379.37,113706.45,228827.18,261615.33,72639.95,189571.44,194428.72,252167.56,149841.72,282550.72,,,,,,,,,,,Material deportivo,Cuota adicional,Matrícula,Torneo interno,Campamento,Torneo interno,Cuota adicional,Campamento,Mensualidad,Cuota adicional,Torneo interno,Mensualidad,Mensualidad,Uniforme,Material deportivo,Torneo interno,Uniforme,Cuota adicional,Material deportivo,Uniforme,,,,,,,,,,,Nequi,Tarjeta,Transferencia,Nequi,Efectivo,Daviplata,Tarjeta,Tarjeta,PSE,Daviplata,Daviplata,Transferencia,PSE,Efectivo,Daviplata,Nequi,Nequi,Daviplata,Daviplata,Efectivo,,,,,,,,,,,REC-883347,REC-719119,REC-105405,REC-779988,REC-394760,REC-240877,REC-175204,REC-760821,REC-873984,REC-218666,REC-816164,REC-833858,REC-575537,REC-283578,REC-628571,REC-701883,REC-765874,REC-448954,REC-497349,REC-460450,,,,,,,,,,,expired,expired,
Natanael,Amorós,RC,26297533,juliangaspar@example.net,+57 340 723 4920,inactive,Sede Chapinero,127968.37,178063.55,143558.57,205828.29,142002.67,165293.79,270439.6,154837.59,72643.92,109363.2,202943.89,64746.62,146326.82,254468.23,61932.4,197069.65,274709.46,81306.37,112769.47,61727.67,208565.06,124398.35,94838.14,163826.26,261217.21,69246.11,208077.48,52600.27,292347.58,244302.38,Material deportivo,Recargo por mora,Torneo interno,Recargo por mora,Uniforme,Material deportivo,Descuento hermanos,Recargo por mora,Mensualidad,Mensualidad,Pago anticipado,Cuota adicional,Mensualidad,Mensualidad,Torneo interno,Pago anticipado,Torneo interno,Descuento hermanos,Matrícula,Material deportivo,Descuento hermanos,Torneo interno,Torneo interno,Recargo por mora,Pago anticipado,Campamento,Campamento,Torneo interno,Campamento,Torneo interno,Efectivo,Daviplata,PSE,Efectivo,Tarjeta,Nequi,Nequi,Daviplata,Transferencia,Nequi,Nequi,Daviplata,Efectivo,Daviplata,Efectivo,Efectivo,Daviplata,PSE,PSE,Nequi,Tarjeta,PSE,Daviplata,Transferencia,Efectivo,Efectivo,PSE,PSE,Transferencia,Tarjeta,REC-754348,REC-380935,REC-662372,REC-790055,REC-569484,REC-455471,REC-784360,REC-749723,REC-803489,REC-224439,REC-139451,REC-173745,REC-483281,REC-728574,REC-526060,REC-665627,REC-256249,REC-384046,REC-237344,REC-602258,REC-970781,REC-544214,REC-281756,REC-659696,REC-402324,REC-352855,REC-379182,REC-176378,REC-936328,REC-751353,expired,active,active
Marcos,Goñi,CC,31585546,amadoferrando@example.com,+57 344 607 5722,active,Sede Albacete,206152.99,293627.8,107276.02,88648.21,113481.5,261909.55,232818.52,233705.7,251494.3,177114.76,164345.93,199756.19,261020.76,132553.07,203861.28,201000.17,65941.71,152269.99,178925.97,134069.56,,,,,,,,,,,Material deportivo,Matrícula,Campamento,Campamento,Material deportivo,Uniforme,Campamento,Descuento hermanos,Torneo interno,Mensualidad,Torneo interno,Recargo por mora,Torneo interno,Matrícula,Uniforme,Descuento hermanos,Material deportivo,Uniforme,Uniforme,Descuento hermanos,,,,,,,,,,,Tarjeta,Efectivo,Nequi,Efectivo,Nequi,Nequi,Transferencia,Daviplata,Nequi,PSE,PSE,PSE,Daviplata,Nequi,Daviplata,Transferencia,Nequi,Daviplata,Nequi,PSE,,,,,,,,,,,REC-988143,REC-262539,REC-711047,REC-538918,REC-896873,REC-945026,REC-466346,REC-389287,REC-527147,REC-206130,REC-298156,REC-289095,REC-231459,REC-586986,REC-743517,REC-524530,REC-998127,REC-219733,REC-446166,REC-351967,,,,,,,,,,,expired,active,
Jose Carlos,Suárez,CE,31687165,gfalcon@example.org,3448069789,active,Sede Navarra,201311.17,166519.79,185775.35,206094.58,145127.55,253337.33,190971.51,247623.4,264958.99,281149.86,,,,,,,,,,,,,,,,,,,,,Uniforme,Uniforme,Mensualidad,Pago anticipado,Matrícula,Matrícula,Mensualidad,Uniforme,Recargo por mora,Campamento,,,,,,,,,,,,,,,,,,,,,Transferencia,Nequi,Transferencia,Nequi,Daviplata,Transferencia,Nequi,PSE,Efectivo,Nequi,,,,,,,,,,,,,,,,,,,,,REC-878001,REC-519835,REC-959913,REC-623753,REC-174395,REC-372806,REC-949027,REC-170325,REC-182869,REC-428940,,,,,,,,,,,,,,,,,,,,,active,,
Alicia,García,RC,33357554,kbarral@example.com,03006098175,active,Sede Navarra,110826.95,169838.34,184883.71,236743.95,96447.44,271316.94,145708.66,246998.03,212618.4,219894.97,,,,,,,,,,,,,,,,,,,,,Recargo por mora,Material deportivo,Material deportivo,Recargo por mora,Matrícula,Uniforme,Descuento hermanos,Campamento,Matrícula,Pago anticipado,,,,,,,,,,,,,,,,,,,,,Transferencia,Tarjeta,Efectivo,Transferencia,Tarjeta,Nequi,Tarjeta,Tarjeta,Nequi,Nequi,,,,,,,,,,,,,,,,,,,,,REC-732340,REC-131795,REC-522243,REC-431892,REC-941587,REC-381554,REC-867508,REC-208595,REC-122774,REC-649299,,,,,,,,,,,,,,,,,,,,,expired,,
Teodosio,Salmerón,CE,33420607,martaboada@example.com,(311) 5452128,active,Sede Ourense,80636.05,90739.18,164529.79,188886.8,52994.0,115474.33,158770.73,261313.85,262120.55,151743.08,150103.52,88929.52,295382.92,66722.38,298750.99,144809.71,156544.63,185317.35,132064.44,211863.28,,,,,,,,,,,Cuota adicional,Uniforme,Torneo interno,Descuento hermanos,Pago anticipado,Descuento hermanos,Torneo interno,Torneo interno,Recargo por mora,Mensualidad,Material deportivo,Mensualidad,Torneo interno,Matrícula,Matrícula,Torneo interno,Campamento,Matrícula,Matrícula,Matrícula,,,,,,,,,,,Efectivo,Transferencia,Transferencia,Transferencia,Efectivo,Nequi,PSE,Nequi,Daviplata,Daviplata,Nequi,Efectivo,PSE,Transferencia,Nequi,Tarjeta,Efectivo,Transferencia,Nequi,Tarjeta,,,,,,,,,,,REC-788236,REC-225099,REC-705457,REC-565146,REC-747479,REC-871889,REC-552854,REC-835143,REC-776339,REC-129560,REC-933400,REC-153360,REC-433831,REC-257192,REC-214348,REC-528635,REC-620292,REC-120174,REC-837358,REC-271030,,,,,,,,,,,active,active,
Dionisio,Huguet,CC,34941004,bernardoneira@example.org,3225069660,active,Sede Centro,82148.87,88152.17,153635.48,194255.6,86967.3,292947.21,129893.65,205477.02,252931.15,121689.06,291583.42,83142.42,249662.44,131441.68,133419.26,256952.0,156865.9,62726.53,117487.24,81565.33,,,,,,,,,,,Mensualidad,Matrícula,Recargo por mora,Cuota adicional,Mensualidad,Matrícula,Campamento,Mensualidad,Recargo por mora,Torneo interno,Torneo interno,Cuota adicional,Campamento,Matrícula,Pago anticipado,Mensualidad,Descuento hermanos,Pago anticipado,Descuento hermanos,Descuento hermanos,,,,,,,,,,,PSE,Nequi,Daviplata,Efectivo,Efectivo,Nequi,Tarjeta,PSE,Daviplata,Tarjeta,Transferencia,Transferencia,Transferencia,Tarjeta,Efectivo,Nequi,Nequi,Nequi,Daviplata,Transferencia,,,,,,,,,,,REC-370379,REC-300903,REC-673747,REC-298384,REC-370349,REC-294971,REC-425892,REC-790953,REC-483984,REC-525027,REC-600167,REC-225200,REC-263145,REC-769733,REC-678475,REC-627059,REC-504728,REC-533920,REC-315104,REC-766167,,,,,,,,,,,active,expired,
José Manuel,Arregui,CE,35320492,habellan@example.net,03147891662,active,Sede Ourense,299052.41,55871.33,226430.5,66576.13,76940.21,198149.61,59638.66,251308.13,90624.94,228223.14,,,,,,,,,,,,,,,,,,,,,Torneo interno,Campamento,Matrícula,Cuota adicional,Uniforme,Uniforme,Mensualidad,Torneo interno,Campamento,Torneo interno,,,,,,,,,,,,,,,,,,,,,Daviplata,Daviplata,Daviplata,Tarjeta,Daviplata,Efectivo,Daviplata,Tarjeta,Nequi,PSE,,,,,,,,,,,,,,,,,,,,,REC-392238,REC-991458,REC-111759,REC-136126,REC-318069,REC-858769,REC-533354,REC-743049,REC-139115,REC-978794,,,,,,,,,,,,,,,,,,,,,active,,
Abraham,Múgica,TI,35708194,febejuarez@example.org,+57 330 383 9595,active,Sede Ourense,104804.59,285599.98,55816.86,279464.7,285910.44,232081.81,78694.5,74374.88,127330.4,240836.32,114009.16,162300.79,177073.62,292466.39,115653.24,186604.0,232429.83,203086.47,295083.94,144978.37,,,,,,,,,,,Recargo por mora,Uniforme,Campamento,Torneo interno,Torneo interno,Matrícula,Matrícula,Campamento,Uniforme,Pago anticipado,Uniforme,Uniforme,Uniforme,Material deportivo,Cuota adicional,Campamento,Uniforme,Torneo interno,Recargo por mora,Matrícula,,,,,,,,,,,Nequi,Nequi,Daviplata,PSE,Nequi,Tarjeta,Daviplata,Nequi,Nequi,Nequi,Efectivo,Tarjeta,Tarjeta,Nequi,Efectivo,Nequi,PSE,Daviplata,PSE,PSE,,,,,,,,,,,REC-200555,REC-795640,REC-529086,REC-341464,REC-266674,REC-635666,REC-359973,REC-461044,REC-590208,REC-138721,REC-609635,REC-311717,REC-682698,REC-115628,REC-962122,REC-491422,REC-883841,REC-958538,REC-409583,REC-342272,,,,,,,,,,,expired,active,
Prudencia,Vera,RC,38427073,ezequielpereira@example.org,03456229731,active,Sede Navarra,280310.15,248576.7,205473.51,199704.57,106022.98,292154.58,138605.71,205905.42,122675.43,86042.0,172946.61,86286.83,215185.49,53188.53,154585.62,227441.43,285102.97,207296.97,83807.8,126252.53,295995.21,252799.64,223245.93,187980.83,298058.25,183527.44,137486.1,147342.8,211295.11,100896.41,Recargo por mora,Descuento hermanos,Uniforme,Torneo interno,Cuota adicional,Cuota adicional,Recargo por mora,Cuota adicional,Cuota adicional,Torneo interno,Descuento hermanos,Uniforme,Cuota adicional,Torneo interno,Cuota adicional,Torneo interno,Campamento,Pago anticipado,Cuota adicional,Campamento,Torneo interno,Matrícula,Cuota adicional,Uniforme,Matrícula,Torneo interno,Uniforme,Cuota adicional,Cuota adicional,Material deportivo,Transferencia,Tarjeta,Daviplata,Tarjeta,Nequi,Transferencia,Daviplata,Efectivo,Efectivo,Nequi,Transferencia,Daviplata,Efectivo,Tarjeta,PSE,Nequi,Transferencia,Efectivo,PSE,Tarjeta,Transferencia,PSE,Daviplata,Efectivo,Transferencia,Daviplata,Nequi,Transferencia,Daviplata,Tarjeta,REC-899444,REC-988164,REC-376257,REC-706837,REC-881280,REC-225811,REC-321335,REC-625661,REC-468794,REC-690913,REC-200888,REC-547248,REC-879094,REC-451929,REC-615882,REC-143206,REC-776307,REC-739841,REC-722333,REC-545356,REC-560960,REC-416323,REC-393547,REC-890781,REC-344014,REC-602187,REC-789739,REC-551599,REC-172895,REC-411508,cancelled,active,active
Héctor,Sanz,CE,39738898,nicolas64@example.com,03402913049,active,Sede Centro,186788.89,122828.04,108423.94,147555.1,122798.79,296017.32,178240.95,173266.93,272713.51,144719.09,78488.59,282887.88,121753.2,65132.48,286785.63,141455.62,63435.79,95184.94,229872.11,287975.44,,,,,,,,,,,Recargo por mora,Pago anticipado,Torneo interno,Uniforme,Mensualidad,Descuento hermanos,Uniforme,Descuento hermanos,Mensualidad,Torneo interno,Recargo por mora,Mensualidad,Mensualidad,Uniforme,Campamento,Uniforme,Material deportivo,Material deportivo,Pago anticipado,Recargo por mora,,,,,,,,,,,Transferencia,Efectivo,Transferencia,PSE,Efectivo,Nequi,Nequi,Transferencia,PSE,Nequi,Nequi,Tarjeta,Tarjeta,Efectivo,Efectivo,Daviplata,Daviplata,Daviplata,Nequi,Transferencia,,,,,,,,,,,REC-321762,REC-763031,REC-230553,REC-117161,REC-554412,REC-825260,REC-488062,REC-590866,REC-363544,REC-390189,REC-556770,REC-380718,REC-952334,REC-788025,REC-448388,REC-498870,REC-429784,REC-401656,REC-861835,REC-828089,,,,,,,,,,,expired,active,
Jeremías,Giménez,CE,42035886,beldalaura@example.net,3039331548,active,Sede Albacete,99329.09,154694.1,259900.48,280153.96,206915.52,188556.03,263944.35,262988.38,151184.95,71796.06,117116.98,295526.75,222960.19,139334.96,209084.14,116757.11,294012.33,188069.49,168549.1,289455.19,287181.41,95595.59,161529.47,269399.13,93145.21,169197.14,161225.16,156810.25,215002.33,292036.11,Pago anticipado,Mensualidad,Uniforme,Mensualidad,Campamento,Uniforme,Torneo interno,Cuota adicional,Material deportivo,Cuota adicional,Recargo por mora,Mensualidad,Cuota adicional,Material deportivo,Descuento hermanos,Descuento hermanos,Recargo por mora,Uniforme,Torneo interno,Recargo por mora,Uniforme,Descuento hermanos,Torneo interno,Pago anticipado,Matrícula,Recargo por mora,Mensualidad,Descuento hermanos,Campamento,Uniforme,Efectivo,Tarjeta,Efectivo,Daviplata,PSE,PSE,PSE,Tarjeta,Tarjeta,Tarjeta,Tarjeta,Daviplata,PSE,PSE,Daviplata,PSE,Tarjeta,PSE,Nequi,Efectivo,PSE,Transferencia,PSE,Efectivo,Daviplata,Daviplata,Transferencia,Nequi,Efectivo,Efectivo,REC-891095,REC-158587,REC-875500,REC-666380,REC-987156,REC-648421,REC-937958,REC-396856,REC-751856,REC-884107,REC-929259,REC-941666,REC-529078,REC-362336,REC-165186,REC-413943,REC-836904,REC-415439,REC-242791,REC-751297,REC-910029,REC-929511,REC-537582,REC-491836,REC-981229,REC-804146,REC-121283,REC-152803,REC-813611,REC-986836,active,expired,active
Jose,Barco,RC,42614537,selenabermudez@example.org,+57 326 294 2545,active,Sede Badajoz,127678.69,73019.73,213063.37,75625.01,139826.82,98070.35,246286.9,109794.22,291017.65,287157.92,168518.11,275806.47,283121.42,213481.16,200712.55,205120.12,217406.38,246223.86,60662.47,162447.2,,,,,,,,,,,Pago anticipado,Cuota adicional,Descuento hermanos,Recargo por mora,Material deportivo,Mensualidad,Descuento hermanos,Matrícula,Material deportivo,Descuento hermanos,Cuota adicional,Recargo por mora,Uniforme,Campamento,Torneo interno,Descuento hermanos,Mensualidad,Torneo interno,Matrícula,Pago anticipado,,,,,,,,,,,Nequi,Daviplata,Daviplata,PSE,Daviplata,Transferencia,Tarjeta,Transferencia,Transferencia,Daviplata,Efectivo,Daviplata,Tarjeta,Tarjeta,PSE,Efectivo,PSE,Transferencia,Tarjeta,Transferencia,,,,,,,,,,,REC-747316,REC-572852,REC-144475,REC-380672,REC-578259,REC-726687,REC-173591,REC-399842,REC-643051,REC-693273,REC-171633,REC-327769,REC-663315,REC-116816,REC-326569,REC-559650,REC-496091,REC-334731,REC-683488,REC-735950,,,,,,,,,,,active,active,
José,Azcona,RC,42655866,rodapaula@example.com,03359907391,active,Sede Badajoz,132114.86,120117.9,149780.0,144213.17,259877.13,240828.32,243242.13,110553.02,276335.26,122633.26,87151.5,82226.07,186070.81,180117.79,114932.42,86864.82,263666.61,75055.06,101377.16,216922.56,,,,,,,,,,,Cuota adicional,Material deportivo,Descuento hermanos,Recargo por mora,Recargo por mora,Recargo por mora,Matrícula,Torneo interno,Cuota adicional,Pago anticipado,Cuota adicional,Descuento hermanos,Torneo interno,Torneo interno,Torneo interno,Descuento hermanos,Torneo interno,Matrícula,Descuento hermanos,Material deportivo,,,,,,,,,,,Efectivo,Nequi,Transferencia,Tarjeta,Efectivo,Nequi,Daviplata,Tarjeta,Tarjeta,Transferencia,Transferencia,Daviplata,Nequi,Nequi,Tarjeta,Nequi,Nequi,Daviplata,Nequi,Tarjeta,,,,,,,,,,,REC-269428,REC-503595,REC-528854,REC-501809,REC-420861,REC-886255,REC-518005,REC-740434,REC-438238,REC-873083,REC-618779,REC-691683,REC-658426,REC-651829,REC-687666,REC-138511,REC-183170,REC-917637,REC-711167,REC-992840,,,,,,,,,,,active,active,
Moreno,Barba,CE,42868828,pacaanton@example.com,3271310554,active,Sede Norte,106695.48,138280.22,171537.1,211168.01,122879.2,282930.37,126020.58,236973.87,90313.68,121311.65,117988.97,195580.95,259083.68,183981.14,72605.22,103755.2,149061.12,57770.52,73681.32,257593.08,,,,,,,,,,,Material deportivo,Pago anticipado,Descuento hermanos,Uniforme,Pago anticipado,Mensualidad,Campamento,Mensualidad,Descuento hermanos,Material deportivo,Recargo por mora,Matrícula,Matrícula,Matrícula,Mensualidad,Uniforme,Material deportivo,Torneo interno,Mensualidad,Matrícula,,,,,,,,,,,Transferencia,PSE,Nequi,PSE,Efectivo,PSE,Tarjeta,Daviplata,Efectivo,Tarjeta,Efectivo,Transferencia,Transferencia,Tarjeta,Nequi,Transferencia,Efectivo,PSE,Efectivo,Tarjeta,,,,,,,,,,,REC-907141,REC-748680,REC-982804,REC-787614,REC-940946,REC-565420,REC-421383,REC-534098,REC-432006,REC-826515,REC-242723,REC-178629,REC-211871,REC-585854,REC-838936,REC-845702,REC-372804,REC-682959,REC-246583,REC-963684,,,,,,,,,,,cancelled,active,
Mónica,Roca,TI,43101783,plazarico@example.net,+57 334 369 8019,inactive,Sede Norte,103759.11,124511.9,111250.75,203563.3,116241.53,212515.81,138535.4,290575.77,120348.14,155312.61,275310.26,130931.53,212130.54,86857.44,62193.16,236839.48,114541.24,108157.29,196956.84,261121.11,100885.06,185223.34,55735.24,174691.33,262955.33,269177.02,119982.93,115387.74,143550.1,122943.38,Matrícula,Torneo interno,Pago anticipado,Descuento hermanos,Campamento,Recargo por mora,Mensualidad,Descuento hermanos,Descuento hermanos,Torneo interno,Pago anticipado,Cuota adicional,Uniforme,Descuento hermanos,Torneo interno,Recargo por mora,Torneo interno,Uniforme,Mensualidad,Pago anticipado,Cuota adicional,Recargo por mora,Cuota adicional,Mensualidad,Cuota adicional,Cuota adicional,Material deportivo,Torneo interno,Uniforme,Mensualidad,PSE,Efectivo,PSE,Daviplata,PSE,Transferencia,Tarjeta,Tarjeta,Transferencia,Transferencia,Daviplata,Nequi,Efectivo,Nequi,Tarjeta,Tarjeta,Daviplata,Daviplata,Transferencia,Transferencia,Tarjeta,Efectivo,Daviplata,Nequi,Nequi,Daviplata,Nequi,Transferencia,Nequi,Efectivo,REC-390121,REC-594072,REC-428373,REC-734864,REC-492517,REC-847490,REC-582025,REC-588354,REC-123621,REC-725761,REC-594538,REC-548614,REC-773920,REC-467293,REC-535110,REC-813034,REC-495858,REC-257851,REC-230413,REC-815641,REC-573284,REC-649372,REC-824920,REC-831184,REC-736055,REC-689605,REC-219248,REC-198127,REC-100958,REC-925316,active,active,active
Olalla,Bayón,CC,43374088,eduardotalavera@example.net,3433803639,active,Sede Ourense,69035.75,163303.58,249876.18,177792.18,57413.76,234521.7,274674.55,102491.83,105422.76,233649.14,73293.56,69406.84,200628.57,78447.82,184515.47,228812.63,186189.71,135308.58,69566.52,228770.05,285581.89,66757.15,123647.09,215456.36,60255.07,281815.56,100972.54,289279.31,257991.74,217634.59,Material deportivo,Cuota adicional,Campamento,Torneo interno,Descuento hermanos,Campamento,Pago anticipado,Uniforme,Descuento hermanos,Mensualidad,Uniforme,Torneo interno,Torneo interno,Mensualidad,Uniforme,Uniforme,Descuento hermanos,Uniforme,Matrícula,Mensualidad,Uniforme,Matrícula,Cuota adicional,Recargo por mora,Campamento,Torneo interno,Mensualidad,Material deportivo,Cuota adicional,Torneo interno,Nequi,Efectivo,Daviplata,Nequi,PSE,PSE,Nequi,PSE,Tarjeta,PSE,Tarjeta,Efectivo,Daviplata,Transferencia,Efectivo,PSE,Nequi,Efectivo,PSE,Nequi,Daviplata,PSE,Tarjeta,Transferencia,Transferencia,Efectivo,Nequi,Nequi,Efectivo,PSE,REC-527101,REC-452907,REC-182349,REC-384105,REC-920577,REC-226988,REC-463152,REC-894577,REC-306415,REC-953154,REC-183812,REC-319007,REC-255733,REC-597869,REC-879758,REC-883275,REC-950396,REC-776781,REC-133605,REC-341098,REC-790767,REC-765600,REC-542749,REC-875244,REC-693461,REC-816020,REC-345075,REC-575932,REC-657126,REC-696615,active,cancelled,active
Roberto,Arias,CC,46173157,mgiron@example.com,+57 348 874 3870,suspended,Sede Badajoz,288513.26,247769.95,115631.45,271365.72,259871.97,115264.75,78904.99,219646.06,171186.67,172298.27,84560.91,137039.75,159215.91,284662.21,295996.43,149871.1,161874.49,249750.22,133341.18,96453.65,,,,,,,,,,,Cuota adicional,Descuento hermanos,Pago anticipado,Torneo interno,Cuota adicional,Uniforme,Campamento,Mensualidad,Recargo por mora,Torneo interno,Pago anticipado,Torneo interno,Matrícula,Matrícula,Campamento,Matrícula,Uniforme,Material deportivo,Mensualidad,Cuota adicional,,,,,,,,,,,Nequi,Tarjeta,Daviplata,PSE,Efectivo,Transferencia,PSE,PSE,PSE,Nequi,Tarjeta,Transferencia,Transferencia,Transferencia,Tarjeta,Efectivo,Tarjeta,Efectivo,PSE,Transferencia,,,,,,,,,,,REC-949857,REC-795432,REC-240773,REC-864094,REC-742294,REC-582246,REC-804860,REC-210951,REC-469628,REC-196869,REC-441858,REC-821332,REC-223572,REC-302140,REC-244140,REC-307352,REC-499949,REC-959958,REC-868146,REC-381416,,,,,,,,,,,active,active,
León,Torralba,TI,46553958,calistacatalan@example.net,332-600-5114,active,Sede Chapinero,216882.71,289132.68,253433.04,261639.23,219193.25,259014.14,211142.02,132783.75,244447.77,125370.46,,,,,,,,,,,,,,,,,,,,,Uniforme,Uniforme,Recargo por mora,Cuota adicional,Matrícula,Material deportivo,Pago anticipado,Torneo interno,Descuento hermanos,Campamento,,,,,,,,,,,,,,,,,,,,,Tarjeta,PSE,PSE,Efectivo,Tarjeta,Nequi,Nequi,Daviplata,Efectivo,Transferencia,,,,,,,,,,,,,,,,,,,,,REC-192054,REC-357802,REC-176266,REC-770945,REC-718586,REC-368381,REC-812234,REC-285672,REC-200584,REC-310758,,,,,,,,,,,,,,,,,,,,,active,,
Ariadna,Sáenz,RC,46840133,genovevablazquez@example.com,3117577164,active,Sede Sur,111486.73,275619.33,154835.66,110954.51,59669.63,293430.28,139545.35,50949.1,121104.08,249388.0,95057.09,100162.21,219238.73,55836.04,166826.78,125862.57,258229.02,191460.31,216909.34,59320.31,104000.93,92761.75,208776.95,229430.77,282033.42,297503.44,107127.1,90590.46,174287.87,63599.48,Material deportivo,Material deportivo,Uniforme,Matrícula,Mensualidad,Recargo por mora,Material deportivo,Material deportivo,Mensualidad,Descuento hermanos,Campamento,Cuota adicional,Descuento hermanos,Material deportivo,Descuento hermanos,Pago anticipado,Material deportivo,Descuento hermanos,Matrícula,Material deportivo,Descuento hermanos,Pago anticipado,Pago anticipado,Recargo por mora,Matrícula,Recargo por mora,Recargo por mora,Mensualidad,Uniforme,Uniforme,Tarjeta,Transferencia,Transferencia,PSE,Transferencia,Nequi,Efectivo,Efectivo,Daviplata,Transferencia,Nequi,Efectivo,PSE,Nequi,Transferencia,Nequi,Tarjeta,Transferencia,Nequi,PSE,Nequi,Efectivo,Transferencia,Nequi,Daviplata,Efectivo,Daviplata,Tarjeta,PSE,Efectivo,REC-981589,REC-831934,REC-933254,REC-523982,REC-927257,REC-153512,REC-991273,REC-917353,REC-340290,REC-716639,REC-876171,REC-539313,REC-978348,REC-327073,REC-534784,REC-617687,REC-467409,REC-732759,REC-483464,REC-264422,REC-937360,REC-243664,REC-691801,REC-904918,REC-964509,REC-538168,REC-878150,REC-945579,REC-510727,REC-620865,active,expired,active
Adelaida,Ricart,CC,48604965,gabaldonpepita@example.com,+57 322 206 9313,active,Sede Centro,216722.22,217259.22,149969.63,103390.19,74207.67,134073.81,233896.31,71461.94,294124.99,96157.62,246567.65,138628.29,198990.43,226726.67,87859.18,117254.95,79406.82,287828.71,238167.79,84113.45,,,,,,,,,,,Matrícula,Campamento,Material deportivo,Descuento hermanos,Recargo por mora,Cuota adicional,Uniforme,Pago anticipado,Torneo interno,Uniforme,Torneo interno,Matrícula,Pago anticipado,Campamento,Uniforme,Material deportivo,Pago anticipado,Torneo interno,Recargo por mora,Material deportivo,,,,,,,,,,,Daviplata,Daviplata,Tarjeta,Tarjeta,Tarjeta,Daviplata,Transferencia,Daviplata,Nequi,PSE,Daviplata,Daviplata,Transferencia,PSE,Tarjeta,Daviplata,Transferencia,Daviplata,Transferencia,PSE,,,,,,,,,,,REC-105689,REC-747849,REC-611202,REC-236149,REC-732633,REC-191175,REC-633236,REC-873302,REC-532721,REC-634303,REC-658319,REC-673762,REC-144275,REC-544221,REC-446084,REC-865146,REC-267880,REC-931363,REC-619685,REC-290975,,,,,,,,,,,active,cancelled,
Roxana,Serrano,RC,48858073,aurelianojuan@example.com,(327) 2776088,active,Sede Sur,143988.86,202293.55,129018.07,62148.09,162845.82,59145.74,102640.91,78993.85,237092.34,178647.79,,,,,,,,,,,,,,,,,,,,,Material deportivo,Cuota adicional,Recargo por mora,Descuento hermanos,Recargo por mora,Uniforme,Descuento hermanos,Matrícula,Mensualidad,Matrícula,,,,,,,,,,,,,,,,,,,,,PSE,Daviplata,Daviplata,Transferencia,PSE,Efectivo,Tarjeta,Nequi,Transferencia,Transferencia,,,,,,,,,,,,,,,,,,,,,REC-722011,REC-523436,REC-803980,REC-333303,REC-731339,REC-278425,REC-645392,REC-489812,REC-487068,REC-130840,,,,,,,,,,,,,,,,,,,,,active,,
Antonio,Camps,RC,49172995,uojeda@example.com,03305089126,active,Sede Centro,231826.83,199771.55,55556.56,295613.84,296608.13,235906.54,204626.81,76654.3,138180.1,59313.86,,,,,,,,,,,,,,,,,,,,,Matrícula,Mensualidad,Pago anticipado,Recargo por mora,Campamento,Matrícula,Uniforme,Mensualidad,Descuento hermanos,Matrícula,,,,,,,,,,,,,,,,,,,,,Tarjeta,Nequi,Nequi,PSE,Daviplata,Nequi,Efectivo,Efectivo,Nequi,Nequi,,,,,,,,,,,,,,,,,,,,,REC-167301,REC-717267,REC-351999,REC-785096,REC-181628,REC-238036,REC-690316,REC-946169,REC-895078,REC-648350,,,,,,,,,,,,,,,,,,,,,cancelled,,
Juan Luis,Carlos,CE,53258988,corteslalo@example.com,03158796514,suspended,Sede Suba,93384.4,149819.55,63128.39,238637.23,256319.53,121285.07,178780.12,287175.62,136737.55,201427.11,55544.75,222268.9,200534.19,75615.13,114757.95,137389.91,65762.31,289417.22,55800.41,190248.05,,,,,,,,,,,Recargo por mora,Mensualidad,Recargo por mora,Cuota adicional,Cuota adicional,Uniforme,Torneo interno,Descuento hermanos,Matrícula,Matrícula,Matrícula,Descuento hermanos,Campamento,Recargo por mora,Material deportivo,Recargo por mora,Recargo por mora,Material deportivo,Torneo interno,Cuota adicional,,,,,,,,,,,Efectivo,Tarjeta,Transferencia,Transferencia,Tarjeta,Nequi,PSE,PSE,Tarjeta,PSE,Nequi,PSE,Nequi,PSE,Tarjeta,Transferencia,Transferencia,Transferencia,Efectivo,Daviplata,,,,,,,,,,,REC-459898,REC-364136,REC-867463,REC-395814,REC-293522,REC-902675,REC-735143,REC-256701,REC-953271,REC-841140,REC-415999,REC-541522,REC-445318,REC-656266,REC-645422,REC-868611,REC-300640,REC-963740,REC-695695,REC-831125,,,,,,,,,,,active,expired,
Ana,Bou,TI,53524491,canalsezequiel@example.net,(313) 6279418,active,Sede Suba,53029.0,193259.3,171197.73,297508.16,117575.45,54247.14,232547.44,270474.22,238377.75,293420.67,84985.78,182273.25,188535.96,210634.51,208326.83,282629.57,64089.15,121867.46,183594.39,162059.21,,,,,,,,,,,Recargo por mora,Pago anticipado,Uniforme,Recargo por mora,Uniforme,Mensualidad,Mensualidad,Torneo interno,Pago anticipado,Torneo interno,Uniforme,Campamento,Uniforme,Uniforme,Pago anticipado,Material deportivo,Matrícula,Recargo por mora,Material deportivo,Torneo interno,,,,,,,,,,,PSE,Nequi,Daviplata,Daviplata,Efectivo,Tarjeta,PSE,Transferencia,PSE,Efectivo,Transferencia,Nequi,Tarjeta,Nequi,PSE,Efectivo,Nequi,Nequi,Transferencia,Transferencia,,,,,,,,,,,REC-963683,REC-453141,REC-241483,REC-319933,REC-144289,REC-960442,REC-357058,REC-380788,REC-616049,REC-622469,REC-221274,REC-423500,REC-801070,REC-463336,REC-546272,REC-916979,REC-233930,REC-206564,REC-970775,REC-341509,,,,,,,,,,,active,expired,
Dulce,Bayo,RC,54410148,sanchocarretero@example.net,349-698-1320,active,Sede Albacete,190548.71,214729.54,173909.64,209432.52,261298.84,153608.57,169991.97,209691.58,295164.18,51899.15,272094.08,56961.77,179304.46,176689.72,68626.7,211115.87,121710.39,237992.06,52112.9,199717.23,,,,,,,,,,,Mensualidad,Campamento,Recargo por mora,Material deportivo,Torneo interno,Recargo por mora,Descuento hermanos,Mensualidad,Uniforme,Matrícula,Uniforme,Matrícula,Material deportivo,Torneo interno,Cuota adicional,Material deportivo,Pago anticipado,Matrícula,Pago anticipado,Descuento hermanos,,,,,,,,,,,PSE,Tarjeta,Nequi,Efectivo,PSE,Efectivo,Efectivo,Transferencia,Daviplata,PSE,Tarjeta,Tarjeta,Tarjeta,Efectivo,Efectivo,PSE,Efectivo,Daviplata,Daviplata,Daviplata,,,,,,,,,,,REC-549277,REC-604404,REC-555512,REC-486401,REC-585553,REC-240478,REC-326343,REC-904976,REC-324342,REC-145362,REC-155384,REC-907355,REC-546607,REC-770623,REC-419100,REC-789051,REC-401544,REC-306719,REC-654718,REC-347567,,,,,,,,,,,active,cancelled,
Eloísa,Vidal,RC,55617282,plazatrinidad@example.net,337-693-9022,active,Sede Centro,51326.25,243851.17,229750.13,273333.84,58940.31,79290.55,219606.7,71471.71,52053.98,196250.3,,,,,,,,,,,,,,,,,,,,,Mensualidad,Torneo interno,Recargo por mora,Pago anticipado,Descuento hermanos,Descuento hermanos,Torneo interno,Material deportivo,Material deportivo,Uniforme,,,,,,,,,,,,,,,,,,,,,Nequi,Daviplata,Nequi,Efectivo,Efectivo,Nequi,Daviplata,Transferencia,Nequi,Daviplata,,,,,,,,,,,,,,,,,,,,,REC-160314,REC-477745,REC-138698,REC-681032,REC-197927,REC-871562,REC-794591,REC-988265,REC-906687,REC-794712,,,,,,,,,,,,,,,,,,,,,active,,
Paulino,Roda,CC,58024342,usolera@example.org,(315) 3726327,active,Sede Badajoz,299325.79,97564.88,173450.17,156586.05,255126.39,225017.72,126508.2,222154.69,141328.11,199321.18,137943.29,181685.72,215611.62,233444.92,206401.88,248010.22,118583.01,222252.52,232510.77,144685.02,,,,,,,,,,,Descuento hermanos,Mensualidad,Cuota adicional,Matrícula,Matrícula,Pago anticipado,Campamento,Descuento hermanos,Torneo interno,Recargo por mora,Recargo por mora,Recargo por mora,Material deportivo,Torneo interno,Cuota adicional,Material deportivo,Recargo por mora,Campamento,Torneo interno,Pago anticipado,,,,,,,,,,,Efectivo,Efectivo,Transferencia,Nequi,Nequi,Nequi,Efectivo,PSE,Efectivo,Daviplata,Transferencia,Tarjeta,Efectivo,Tarjeta,PSE,PSE,Nequi,PSE,Tarjeta,Daviplata,,,,,,,,,,,REC-559097,REC-200318,REC-279004,REC-334277,REC-382286,REC-420737,REC-544283,REC-922017,REC-634418,REC-156844,REC-631508,REC-103489,REC-218864,REC-107407,REC-712514,REC-500643,REC-257689,REC-668142,REC-403538,REC-637143,,,,,,,,,,,expired,active,
Abril,Ayllón,TI,58678896,yessicacarrion@example.com,(312) 3049499,active,Sede Badajoz,80844.05,193748.83,96617.48,268221.52,174776.7,144929.3,230959.04,261202.79,296361.01,88192.8,,,,,,,,,,,,,,,,,,,,,Torneo interno,Campamento,Torneo interno,Cuota adicional,Uniforme,Cuota adicional,Uniforme,Cuota adicional,Mensualidad,Material deportivo,,,,,,,,,,,,,,,,,,,,,Nequi,Daviplata,Nequi,PSE,Nequi,Transferencia,Efectivo,Efectivo,Efectivo,Transferencia,,,,,,,,,,,,,,,,,,,,,REC-700534,REC-334546,REC-579545,REC-306142,REC-950723,REC-570996,REC-585650,REC-907824,REC-570312,REC-622662,,,,,,,,,,,,,,,,,,,,,cancelled,,
Abraham,Lago,CC,58718453,anunciacioncamino@example.net,(304) 9937326,active,Sede Navarra,136958.99,58016.8,275855.11,194761.82,70807.27,100652.36,193587.4,118160.84,267718.2,195420.42,78784.73,56223.5,145164.36,235131.75,268865.43,213340.86,68293.7,81252.47,204133.11,254091.77,60450.13,134775.78,59781.53,222747.04,183811.02,111564.64,252374.33,112434.76,185459.96,134979.06,Torneo interno,Pago anticipado,Cuota adicional,Material deportivo,Recargo por mora,Torneo interno,Uniforme,Matrícula,Descuento hermanos,Torneo interno,Cuota adicional,Torneo interno,Mensualidad,Matrícula,Cuota adicional,Campamento,Torneo interno,Campamento,Descuento hermanos,Mensualidad,Mensualidad,Cuota adicional,Pago anticipado,Pago anticipado,Campamento,Matrícula,Recargo por mora,Pago anticipado,Pago anticipado,Mensualidad,PSE,Transferencia,Nequi,Transferencia,Daviplata,Tarjeta,Tarjeta,Transferencia,PSE,Tarjeta,Tarjeta,Transferencia,Efectivo,Transferencia,Transferencia,Efectivo,Tarjeta,Daviplata,Nequi,Efectivo,Efectivo,Nequi,Nequi,Tarjeta,Efectivo,Transferencia,PSE,Nequi,Daviplata,Efectivo,REC-634772,REC-816601,REC-676569,REC-179707,REC-501679,REC-482704,REC-342584,REC-834908,REC-957420,REC-213532,REC-419747,REC-204137,REC-922587,REC-316263,REC-950602,REC-315523,REC-525367,REC-867847,REC-565366,REC-940190,REC-301945,REC-772737,REC-102528,REC-564234,REC-682543,REC-901436,REC-611215,REC-993048,REC-112497,REC-877073,active,active,active
Piedad,Alcolea,TI,58884978,guzmanflavio@example.com,346-407-9308,active,Sede Norte,272293.03,152725.9,253874.26,146362.98,239294.65,115760.63,96446.78,229276.8,110082.38,57497.73,204554.53,237813.82,69843.52,273759.55,155949.47,296463.57,145426.73,88961.15,55432.78,207476.2,,,,,,,,,,,Torneo interno,Matrícula,Recargo por mora,Cuota adicional,Cuota adicional,Campamento,Campamento,Uniforme,Campamento,Cuota adicional,Torneo interno,Pago anticipado,Torneo interno,Pago anticipado,Material deportivo,Uniforme,Recargo por mora,Descuento hermanos,Recargo por mora,Mensualidad,,,,,,,,,,,Efectivo,Transferencia,Efectivo,Daviplata,Nequi,Nequi,Tarjeta,Tarjeta,Transferencia,PSE,PSE,Transferencia,PSE,Daviplata,Transferencia,Efectivo,Transferencia,Efectivo,PSE,Daviplata,,,,,,,,,,,REC-743171,REC-874494,REC-487558,REC-425852,REC-109888,REC-980700,REC-249703,REC-451725,REC-917765,REC-857053,REC-747534,REC-950143,REC-277962,REC-277171,REC-483494,REC-715269,REC-383726,REC-398973,REC-919204,REC-788466,,,,,,,,,,,active,expired,
Jenaro,Bauzà,TI,59597086,murillocalisto@example.net,03456075395,active,Sede Albacete,87428.99,234958.15,286191.12,236954.83,203132.97,131617.33,102509.87,285955.44,291839.03,290970.81,242889.55,61631.35,160822.26,131918.8,165308.1,97330.39,124008.41,299803.47,282884.38,230648.18,,,,,,,,,,,Cuota adicional,Cuota adicional,Campamento,Uniforme,Recargo por mora,Material deportivo,Torneo interno,Torneo interno,Torneo interno,Uniforme,Material deportivo,Pago anticipado,Material deportivo,Recargo por mora,Cuota adicional,Material deportivo,Campamento,Descuento hermanos,Material deportivo,Material deportivo,,,,,,,,,,,PSE,Transferencia,Transferencia,Efectivo,Daviplata,Daviplata,Nequi,Daviplata,Nequi,Tarjeta,PSE,PSE,Nequi,Efectivo,Daviplata,Daviplata,Tarjeta,PSE,Transferencia,Efectivo,,,,,,,,,,,REC-944031,REC-444581,REC-458829,REC-642605,REC-731551,REC-973097,REC-314412,REC-670437,REC-897314,REC-419498,REC-888954,REC-364616,REC-931602,REC-672544,REC-386059,REC-593270,REC-662113,REC-893019,REC-980594,REC-535647,,,,,,,,,,,active,active,
Gisela,Torrecilla,TI,61536717,goyomartin@example.org,03482788238,active,Sede Centro,202521.77,73066.08,229731.24,63946.51,215805.25,83584.12,169878.17,205891.03,122321.26,89452.46,86656.53,101799.9,166203.37,69909.31,68348.97,187077.39,276369.99,161619.03,226528.87,124372.19,105011.51,114793.25,57801.44,226778.61,297813.57,154868.12,63452.47,213199.89,204578.34,56327.9,Campamento,Cuota adicional,Uniforme,Descuento hermanos,Material deportivo,Torneo interno,Mensualidad,Recargo por mora,Campamento,Descuento hermanos,Recargo por mora,Material deportivo,Recargo por mora,Material deportivo,Mensualidad,Torneo interno,Pago anticipado,Mensualidad,Recargo por mora,Cuota adicional,Recargo por mora,Mensualidad,Cuota adicional,Recargo por mora,Recargo por mora,Pago anticipado,Campamento,Torneo interno,Campamento,Cuota adicional,Nequi,Transferencia,Transferencia,Transferencia,Nequi,Daviplata,Nequi,Transferencia,PSE,PSE,Tarjeta,Efectivo,Transferencia,PSE,Nequi,Nequi,Efectivo,Transferencia,Nequi,Nequi,Transferencia,Efectivo,Efectivo,Transferencia,Efectivo,Nequi,Nequi,Efectivo,Daviplata,Tarjeta,REC-210213,REC-296146,REC-826210,REC-314356,REC-889979,REC-804200,REC-443770,REC-640601,REC-535941,REC-255372,REC-276869,REC-193543,REC-855582,REC-215011,REC-316524,REC-850344,REC-244494,REC-340328,REC-254472,REC-757477,REC-918073,REC-696064,REC-215315,REC-309010,REC-316099,REC-267772,REC-121840,REC-910694,REC-908449,REC-804507,active,active,active
Benigna,Iglesias,CC,61642594,carboisabel@example.net,+57 329 641 5119,active,Sede Albacete,106862.41,204114.2,210324.41,129524.72,86412.25,158080.99,85812.38,232148.52,247410.98,249312.59,,,,,,,,,,,,,,,,,,,,,Recargo por mora,Descuento hermanos,Mensualidad,Material deportivo,Uniforme,Campamento,Mensualidad,Torneo interno,Descuento hermanos,Mensualidad,,,,,,,,,,,,,,,,,,,,,Tarjeta,Nequi,Efectivo,Nequi,Daviplata,PSE,Daviplata,Tarjeta,Tarjeta,Efectivo,,,,,,,,,,,,,,,,,,,,,REC-644192,REC-827228,REC-616643,REC-849101,REC-982937,REC-981549,REC-139778,REC-111112,REC-271469,REC-361301,,,,,,,,,,,,,,,,,,,,,active,,
Maximiano,Julián,CC,62884503,haydeemiralles@example.org,03418190929,active,Sede Centro,269109.27,108404.96,93647.72,71668.67,63291.68,211349.29,258406.82,189482.04,60945.32,114026.39,,,,,,,,,,,,,,,,,,,,,Pago anticipado,Uniforme,Mensualidad,Torneo interno,Cuota adicional,Mensualidad,Material deportivo,Matrícula,Torneo interno,Torneo interno,,,,,,,,,,,,,,,,,,,,,Nequi,Tarjeta,Nequi,Efectivo,PSE,Transferencia,Efectivo,Nequi,Transferencia,Efectivo,,,,,,,,,,,,,,,,,,,,,REC-825077,REC-450917,REC-578012,REC-592311,REC-798422,REC-929046,REC-425445,REC-883547,REC-770580,REC-648247,,,,,,,,,,,,,,,,,,,,,active,,
Paco,Bayona,RC,63238057,rafaellopez@example.org,343-714-2983,active,Sede Ourense,239940.09,178610.24,125129.81,169259.29,111409.66,87102.01,249682.35,86345.74,275592.32,82002.63,273286.8,172088.5,133340.71,291290.17,153342.42,60700.45,210936.38,262575.11,202131.99,122483.35,195360.49,129495.61,75026.37,201116.79,157179.69,143477.82,260675.31,214627.98,97506.97,71737.72,Uniforme,Pago anticipado,Campamento,Uniforme,Matrícula,Material deportivo,Recargo por mora,Mensualidad,Matrícula,Matrícula,Mensualidad,Matrícula,Mensualidad,Descuento hermanos,Matrícula,Matrícula,Cuota adicional,Mensualidad,Matrícula,Uniforme,Uniforme,Uniforme,Pago anticipado,Material deportivo,Uniforme,Torneo interno,Uniforme,Campamento,Material deportivo,Pago anticipado,Tarjeta,Efectivo,Transferencia,Tarjeta,Daviplata,Efectivo,Daviplata,Nequi,Tarjeta,Nequi,Tarjeta,PSE,Daviplata,Nequi,PSE,PSE,Transferencia,PSE,Transferencia,PSE,Nequi,Tarjeta,Daviplata,Daviplata,Efectivo,Nequi,PSE,Tarjeta,Transferencia,Tarjeta,REC-269345,REC-927815,REC-297055,REC-442360,REC-430301,REC-347542,REC-805055,REC-350153,REC-402414,REC-524852,REC-270610,REC-918760,REC-888909,REC-255085,REC-642009,REC-322393,REC-913923,REC-995490,REC-160741,REC-571749,REC-159426,REC-560893,REC-478132,REC-866330,REC-456332,REC-251163,REC-535675,REC-996798,REC-265052,REC-813801,active,active,active
Caridad,Araujo,CC,63782042,dafne82@example.com,3299613177,suspended,Sede Suba,120405.0,281034.88,279877.48,273141.01,131044.34,116427.12,159741.82,266409.05,175292.78,215142.66,236040.44,208871.18,110026.65,248498.78,137966.33,210934.2,56593.91,106359.1,261008.11,202783.93,,,,,,,,,,,Pago anticipado,Cuota adicional,Cuota adicional,Pago anticipado,Matrícula,Torneo interno,Cuota adicional,Descuento hermanos,Cuota adicional,Pago anticipado,Torneo interno,Cuota adicional,Matrícula,Descuento hermanos,Uniforme,Descuento hermanos,Uniforme,Pago anticipado,Matrícula,Mensualidad,,,,,,,,,,,Nequi,Nequi,Daviplata,Daviplata,PSE,Daviplata,Tarjeta,Daviplata,Tarjeta,Nequi,PSE,Transferencia,Efectivo,Nequi,Tarjeta,Tarjeta,PSE,Tarjeta,PSE,Efectivo,,,,,,,,,,,REC-460303,REC-686125,REC-272739,REC-977547,REC-685355,REC-814777,REC-626846,REC-363518,REC-523085,REC-364636,REC-802959,REC-742715,REC-962705,REC-435344,REC-567164,REC-399360,REC-425148,REC-608011,REC-388687,REC-936659,,,,,,,,,,,expired,cancelled,
Gastón,Márquez,CE,64023778,rhurtado@example.org,+57 332 652 9090,active,Sede Badajoz,211727.5,217797.34,284801.17,258940.35,195876.72,184135.57,242693.63,233599.27,151193.87,220501.35,,,,,,,,,,,,,,,,,,,,,Recargo por mora,Torneo interno,Torneo interno,Descuento hermanos,Cuota adicional,Campamento,Material deportivo,Matrícula,Material deportivo,Uniforme,,,,,,,,,,,,,,,,,,,,,Tarjeta,Tarjeta,PSE,Nequi,Tarjeta,Tarjeta,Efectivo,Efectivo,Daviplata,PSE,,,,,,,,,,,,,,,,,,,,,REC-557676,REC-969580,REC-838629,REC-162901,REC-639543,REC-728345,REC-557466,REC-106680,REC-490874,REC-936926,,,,,,,,,,,,,,,,,,,,,active,,
Griselda,Calderon,CC,64830300,melisa86@example.net,318-823-5632,active,Sede Badajoz,286070.55,96785.67,245491.0,127565.23,164540.04,72791.19,124830.27,242584.72,286894.66,116445.93,282446.67,198161.26,225474.51,86681.77,51327.58,214410.99,73385.4,181125.23,293131.19,231215.97,,,,,,,,,,,Recargo por mora,Descuento hermanos,Mensualidad,Torneo interno,Recargo por mora,Material deportivo,Campamento,Descuento hermanos,Pago anticipado,Cuota adicional,Descuento hermanos,Recargo por mora,Cuota adicional,Uniforme,Pago anticipado,Descuento hermanos,Torneo interno,Material deportivo,Material deportivo,Torneo interno,,,,,,,,,,,PSE,Transferencia,Daviplata,Nequi,Tarjeta,PSE,Daviplata,Efectivo,PSE,Efectivo,Transferencia,Efectivo,Daviplata,Efectivo,Tarjeta,Transferencia,PSE,Nequi,Transferencia,PSE,,,,,,,,,,,REC-256786,REC-139731,REC-709201,REC-277024,REC-447907,REC-120711,REC-509901,REC-275906,REC-195787,REC-489723,REC-456432,REC-758723,REC-924277,REC-847635,REC-448441,REC-191733,REC-939248,REC-606912,REC-303025,REC-703745,,,,,,,,,,,active,active,
Ruy,Castro,CE,66581473,zacarias51@example.org,03471873851,active,Sede Albacete,288731.31,80641.22,281378.24,154415.87,93709.95,257217.47,84987.83,214975.27,205181.39,281360.18,195842.29,244831.17,191491.57,269263.23,138148.72,174248.34,184274.39,259725.48,81350.06,188566.95,254030.59,268648.68,298972.25,147182.4,66429.89,134051.46,72778.47,176035.99,94991.12,174461.98,Torneo interno,Torneo interno,Uniforme,Material deportivo,Uniforme,Mensualidad,Recargo por mora,Matrícula,Material deportivo,Descuento hermanos,Material deportivo,Pago anticipado,Uniforme,Uniforme,Descuento hermanos,Matrícula,Campamento,Mensualidad,Cuota adicional,Recargo por mora,Torneo interno,Pago anticipado,Torneo interno,Matrícula,Cuota adicional,Cuota adicional,Torneo interno,Torneo interno,Mensualidad,Matrícula,Nequi,PSE,PSE,PSE,PSE,Daviplata,Tarjeta,Tarjeta,Efectivo,Efectivo,Tarjeta,Efectivo,Tarjeta,Transferencia,Daviplata,Tarjeta,Efectivo,PSE,Transferencia,Nequi,Nequi,Nequi,Transferencia,Tarjeta,Transferencia,PSE,Daviplata,Nequi,Daviplata,Tarjeta,REC-115966,REC-442147,REC-459864,REC-326837,REC-202267,REC-166057,REC-735949,REC-685023,REC-208795,REC-733310,REC-915720,REC-761767,REC-973965,REC-450084,REC-996982,REC-829973,REC-297594,REC-140141,REC-366852,REC-743629,REC-704122,REC-841575,REC-615669,REC-819454,REC-498759,REC-294645,REC-143837,REC-504444,REC-235880,REC-748698,expired,active,active
Ángela,Guzmán,TI,67061186,nereidaelorza@example.com,3319461833,inactive,Sede Centro,79471.3,100787.73,69954.51,206107.85,214304.95,201976.99,113787.87,118184.84,78088.79,293668.02,245791.96,230630.93,151008.47,260511.89,111779.77,278315.66,215127.62,107502.02,97830.55,89408.59,,,,,,,,,,,Material deportivo,Recargo por mora,Campamento,Uniforme,Mensualidad,Recargo por mora,Campamento,Torneo interno,Cuota adicional,Matrícula,Material deportivo,Campamento,Recargo por mora,Material deportivo,Uniforme,Torneo interno,Mensualidad,Material deportivo,Uniforme,Cuota adicional,,,,,,,,,,,Daviplata,PSE,Transferencia,PSE,Efectivo,Efectivo,Daviplata,Daviplata,Nequi,Nequi,Daviplata,PSE,Tarjeta,Nequi,Nequi,Nequi,Nequi,Tarjeta,Nequi,Transferencia,,,,,,,,,,,REC-475806,REC-782001,REC-977577,REC-666571,REC-323802,REC-826323,REC-220382,REC-737226,REC-683262,REC-621001,REC-289292,REC-184372,REC-953868,REC-848647,REC-613397,REC-443039,REC-527439,REC-870076,REC-881958,REC-545335,,,,,,,,,,,active,active,
Casandra,Castejón,CC,69549527,sosimopinilla@example.net,3131102499,active,Sede Norte,148320.89,227816.03,58564.74,298963.89,138963.64,161931.8,134555.3,126148.95,67313.48,117593.03,,,,,,,,,,,,,,,,,,,,,Torneo interno,Pago anticipado,Material deportivo,Recargo por mora,Torneo interno,Mensualidad,Campamento,Campamento,Pago anticipado,Pago anticipado,,,,,,,,,,,,,,,,,,,,,Nequi,Nequi,Transferencia,Transferencia,Nequi,Transferencia,PSE,Tarjeta,Daviplata,Efectivo,,,,,,,,,,,,,,,,,,,,,REC-300311,REC-112077,REC-568430,REC-733140,REC-166422,REC-974155,REC-950133,REC-633888,REC-512761,REC-897665,,,,,,,,,,,,,,,,,,,,,expired,,
Julio,Batalla,TI,70291817,xiomaramiranda@example.org,+57 300 877 3615,active,Sede Chapinero,277663.45,217287.64,188701.81,224813.89,91549.24,259537.26,261208.91,115706.86,224936.32,89551.45,210253.05,242206.43,284957.37,114486.02,194127.91,174728.07,74351.51,109777.66,205867.69,212848.73,73957.56,90570.0,144730.69,94019.36,229709.17,60976.21,78797.32,256521.08,233646.54,209691.76,Mensualidad,Descuento hermanos,Cuota adicional,Matrícula,Cuota adicional,Material deportivo,Descuento hermanos,Torneo interno,Cuota adicional,Descuento hermanos,Campamento,Recargo por mora,Cuota adicional,Material deportivo,Descuento hermanos,Campamento,Matrícula,Descuento hermanos,Cuota adicional,Uniforme,Recargo por mora,Mensualidad,Torneo interno,Material deportivo,Mensualidad,Campamento,Uniforme,Pago anticipado,Material deportivo,Descuento hermanos,Transferencia,Transferencia,Nequi,PSE,PSE,PSE,Transferencia,Nequi,Daviplata,PSE,Nequi,Tarjeta,Daviplata,PSE,Transferencia,PSE,Efectivo,Daviplata,PSE,Transferencia,PSE,PSE,Efectivo,Transferencia,Transferencia,Efectivo,Transferencia,Efectivo,Transferencia,Nequi,REC-679811,REC-773693,REC-185390,REC-114286,REC-219185,REC-340474,REC-815339,REC-775143,REC-994498,REC-333886,REC-207786,REC-625986,REC-481128,REC-900216,REC-287890,REC-409967,REC-424578,REC-259804,REC-847385,REC-237570,REC-728700,REC-144241,REC-320449,REC-122013,REC-357912,REC-397901,REC-762002,REC-177312,REC-494172,REC-754227,active,active,active
Ariel,Mendez,RC,70467027,trini05@example.org,+57 319 980 8025,active,Sede Chapinero,230738.4,142601.5,104305.45,268628.03,204196.96,255150.56,112953.24,210459.93,239788.27,257992.44,189201.87,224386.57,58555.82,236700.99,51918.3,82327.72,296932.58,201405.89,162261.31,232768.92,,,,,,,,,,,Torneo interno,Matrícula,Uniforme,Torneo interno,Cuota adicional,Descuento hermanos,Material deportivo,Matrícula,Mensualidad,Cuota adicional,Matrícula,Cuota adicional,Matrícula,Uniforme,Mensualidad,Pago anticipado,Campamento,Uniforme,Mensualidad,Descuento hermanos,,,,,,,,,,,Transferencia,PSE,Transferencia,Efectivo,PSE,Nequi,Daviplata,Nequi,Daviplata,Efectivo,Tarjeta,Daviplata,Nequi,Nequi,Daviplata,PSE,Efectivo,Transferencia,Tarjeta,Nequi,,,,,,,,,,,REC-607419,REC-767359,REC-939554,REC-902796,REC-332066,REC-447635,REC-894730,REC-574822,REC-560320,REC-648100,REC-195856,REC-617839,REC-127264,REC-396759,REC-377496,REC-484930,REC-454626,REC-762937,REC-576954,REC-383608,,,,,,,,,,,expired,active,
Teodora,Campillo,RC,70887034,lgilabert@example.net,+57 347 813 9850,active,Sede Albacete,244141.48,59647.98,95871.92,246480.84,125743.68,172184.71,172206.51,132282.02,228035.76,171404.14,,,,,,,,,,,,,,,,,,,,,Mensualidad,Uniforme,Recargo por mora,Campamento,Matrícula,Matrícula,Descuento hermanos,Uniforme,Material deportivo,Material deportivo,,,,,,,,,,,,,,,,,,,,,Nequi,Tarjeta,Transferencia,Nequi,Tarjeta,Tarjeta,PSE,Nequi,Nequi,PSE,,,,,,,,,,,,,,,,,,,,,REC-559131,REC-836423,REC-293365,REC-936061,REC-983765,REC-322645,REC-823862,REC-960231,REC-875379,REC-425177,,,,,,,,,,,,,,,,,,,,,active,,
Ruy,Segarra,CC,71662963,juan-manuelchaparro@example.org,+57 324 180 5803,active,Sede Ourense,108141.09,248889.27,103801.03,228403.05,66353.19,273960.41,66164.44,117283.36,229391.13,183839.98,219381.35,166655.05,66768.51,93786.25,265422.07,243768.01,143405.85,298678.65,91723.88,229588.96,,,,,,,,,,,Recargo por mora,Descuento hermanos,Uniforme,Cuota adicional,Mensualidad,Uniforme,Mensualidad,Cuota adicional,Descuento hermanos,Uniforme,Pago anticipado,Recargo por mora,Descuento hermanos,Mensualidad,Descuento hermanos,Material deportivo,Cuota adicional,Campamento,Recargo por mora,Cuota adicional,,,,,,,,,,,Daviplata,Daviplata,PSE,PSE,Nequi,PSE,Tarjeta,Efectivo,Nequi,Efectivo,PSE,Nequi,PSE,Efectivo,Transferencia,Tarjeta,Transferencia,Transferencia,PSE,Nequi,,,,,,,,,,,REC-251239,REC-922312,REC-831073,REC-901494,REC-364253,REC-255063,REC-570253,REC-559140,REC-960962,REC-733435,REC-861512,REC-471128,REC-401153,REC-269960,REC-392843,REC-719110,REC-886758,REC-532446,REC-138185,REC-363643,,,,,,,,,,,expired,active,
Ester,Cabo,TI,73560289,garcesantonia@example.com,349-477-3749,active,Sede Sur,117902.84,59998.46,157534.09,281887.28,269046.73,262441.41,281674.45,147333.2,150329.66,66287.45,61433.1,86078.83,271271.0,241073.52,84258.64,274362.85,192314.49,184909.64,203133.58,64191.26,62371.13,55668.67,240784.87,194617.25,128046.42,141461.8,78662.32,247836.36,268916.58,222648.89,Uniforme,Pago anticipado,Descuento hermanos,Cuota adicional,Cuota adicional,Campamento,Cuota adicional,Campamento,Cuota adicional,Torneo interno,Material deportivo,Uniforme,Campamento,Campamento,Pago anticipado,Pago anticipado,Uniforme,Torneo interno,Mensualidad,Uniforme,Material deportivo,Descuento hermanos,Mensualidad,Uniforme,Torneo interno,Uniforme,Cuota adicional,Campamento,Matrícula,Cuota adicional,Transferencia,Transferencia,Transferencia,Efectivo,Transferencia,Daviplata,Transferencia,Nequi,Efectivo,Nequi,Efectivo,Tarjeta,Tarjeta,Transferencia,PSE,Transferencia,PSE,Nequi,Daviplata,Daviplata,Transferencia,Nequi,PSE,Tarjeta,Daviplata,Transferencia,PSE,Nequi,Nequi,Tarjeta,REC-945802,REC-635780,REC-846878,REC-548793,REC-114221,REC-314338,REC-996719,REC-208186,REC-701546,REC-976193,REC-803428,REC-864226,REC-120917,REC-124416,REC-483437,REC-629399,REC-946725,REC-253214,REC-974287,REC-572114,REC-719032,REC-165814,REC-396637,REC-896814,REC-339863,REC-562107,REC-900774,REC-696117,REC-963428,REC-749720,active,active,active
Lara,Gargallo,TI,73655158,riberasaturnino@example.com,308-669-1982,active,Sede Ourense,68160.36,163439.12,282484.64,64420.58,156600.34,123362.8,102762.72,298647.98,114013.07,142003.68,277168.72,110163.34,120693.5,137829.1,54690.88,212531.65,119880.79,247605.92,68262.2,155503.26,258117.31,184275.26,100956.68,194246.74,115352.76,70061.65,236008.5,284566.01,63298.68,89432.9,Uniforme,Material deportivo,Pago anticipado,Matrícula,Uniforme,Descuento hermanos,Torneo interno,Torneo interno,Uniforme,Campamento,Matrícula,Mensualidad,Cuota adicional,Descuento hermanos,Uniforme,Mensualidad,Uniforme,Matrícula,Descuento hermanos,Campamento,Torneo interno,Torneo interno,Torneo interno,Campamento,Cuota adicional,Matrícula,Recargo por mora,Campamento,Cuota adicional,Campamento,Transferencia,Daviplata,Efectivo,Tarjeta,Transferencia,Transferencia,Efectivo,PSE,PSE,Tarjeta,Efectivo,PSE,Efectivo,Efectivo,Efectivo,Efectivo,Transferencia,Tarjeta,Tarjeta,Nequi,PSE,PSE,Transferencia,PSE,Transferencia,Transferencia,Transferencia,Daviplata,Efectivo,Efectivo,REC-979888,REC-121113,REC-911172,REC-245822,REC-157489,REC-437731,REC-735527,REC-560452,REC-122300,REC-244255,REC-830492,REC-636331,REC-587648,REC-919505,REC-734068,REC-679906,REC-476490,REC-591355,REC-188780,REC-906130,REC-600950,REC-156686,REC-826103,REC-222986,REC-413701,REC-725323,REC-151500,REC-998694,REC-476138,REC-952279,active,active,expired
Perla,Mate,RC,75793759,marigracia@example.org,3330665424,active,Sede Albacete,289193.74,273230.7,293657.24,102279.41,99985.93,69645.59,196162.85,139776.5,166155.89,120519.59,,,,,,,,,,,,,,,,,,,,,Cuota adicional,Mensualidad,Recargo por mora,Matrícula,Torneo interno,Pago anticipado,Matrícula,Material deportivo,Descuento hermanos,Descuento hermanos,,,,,,,,,,,,,,,,,,,,,Transferencia,Efectivo,Efectivo,Daviplata,Tarjeta,Daviplata,Nequi,Transferencia,PSE,Nequi,,,,,,,,,,,,,,,,,,,,,REC-846950,REC-669213,REC-594898,REC-718738,REC-265296,REC-546860,REC-600315,REC-632541,REC-407757,REC-514502,,,,,,,,,,,,,,,,,,,,,expired,,
Leonardo,Sabater,CC,75802771,maciasjoel@example.com,3204496488,active,Sede Centro,50383.99,192058.29,173844.48,59154.88,172107.91,64422.79,297565.89,205616.63,251913.95,233739.58,,,,,,,,,,,,,,,,,,,,,Material deportivo,Descuento hermanos,Matrícula,Mensualidad,Torneo interno,Torneo interno,Pago anticipado,Uniforme,Descuento hermanos,Pago anticipado,,,,,,,,,,,,,,,,,,,,,Transferencia,Efectivo,PSE,PSE,Tarjeta,Daviplata,PSE,Tarjeta,Transferencia,Transferencia,,,,,,,,,,,,,,,,,,,,,REC-308972,REC-909894,REC-830066,REC-502827,REC-148250,REC-444489,REC-984146,REC-173843,REC-571691,REC-765513,,,,,,,,,,,,,,,,,,,,,cancelled,,
Victoria,Prada,TI,77144075,blanesfernanda@example.com,347-143-8147,active,Sede Chapinero,72964.53,227153.53,257953.26,122831.89,227666.7,97241.55,85270.55,105407.67,290594.81,286520.5,,,,,,,,,,,,,,,,,,,,,Campamento,Matrícula,Cuota adicional,Material deportivo,Matrícula,Uniforme,Pago anticipado,Campamento,Torneo interno,Recargo por mora,,,,,,,,,,,,,,,,,,,,,Efectivo,Daviplata,Tarjeta,PSE,PSE,Transferencia,Nequi,Nequi,Efectivo,PSE,,,,,,,,,,,,,,,,,,,,,REC-464544,REC-730566,REC-360801,REC-102796,REC-566537,REC-358803,REC-968950,REC-575023,REC-989361,REC-500177,,,,,,,,,,,,,,,,,,,,,expired,,
María José,Nieto,CE,77187530,marintrinidad@example.org,3289576908,active,Sede Albacete,178578.6,247162.84,139581.77,96666.17,176100.97,266945.35,196851.37,164888.97,156507.31,231756.14,68567.68,279614.29,133672.22,235037.52,279597.71,82691.99,184890.47,113735.4,253652.41,209625.15,,,,,,,,,,,Torneo interno,Recargo por mora,Matrícula,Torneo interno,Uniforme,Campamento,Campamento,Matrícula,Torneo interno,Pago anticipado,Recargo por mora,Uniforme,Torneo interno,Pago anticipado,Campamento,Uniforme,Uniforme,Torneo interno,Campamento,Descuento hermanos,,,,,,,,,,,Tarjeta,Nequi,Daviplata,Efectivo,Efectivo,PSE,Efectivo,Nequi,Tarjeta,Nequi,Nequi,Transferencia,Nequi,PSE,Efectivo,Daviplata,Daviplata,PSE,Nequi,Daviplata,,,,,,,,,,,REC-872444,REC-836005,REC-446005,REC-507765,REC-672419,REC-500305,REC-521906,REC-228477,REC-951957,REC-428214,REC-420459,REC-908623,REC-669113,REC-654345,REC-563997,REC-447870,REC-880350,REC-822118,REC-556475,REC-399435,,,,,,,,,,,active,cancelled,
Maricruz,Huertas,CE,78885632,maria-dolores87@example.net,+57 328 615 4629,active,Sede Centro,190422.13,239455.36,170850.77,222923.68,121627.5,216685.96,61356.89,152580.13,244927.55,140645.68,,,,,,,,,,,,,,,,,,,,,Torneo interno,Uniforme,Cuota adicional,Matrícula,Campamento,Recargo por mora,Cuota adicional,Descuento hermanos,Cuota adicional,Cuota adicional,,,,,,,,,,,,,,,,,,,,,Daviplata,Efectivo,PSE,Nequi,Nequi,Tarjeta,PSE,PSE,Daviplata,Transferencia,,,,,,,,,,,,,,,,,,,,,REC-952064,REC-653426,REC-414505,REC-702623,REC-832369,REC-515276,REC-312500,REC-889380,REC-509370,REC-273758,,,,,,,,,,,,,,,,,,,,,active,,
Zaira,Criado,CE,79967676,verdejocecilio@example.org,(320) 2351868,active,Sede Sur,117521.42,179824.54,209702.42,250671.52,297851.32,192232.78,284841.45,177319.9,98689.22,256966.37,104894.71,280780.12,148930.99,114571.49,237904.63,248716.19,218015.21,227983.06,116002.07,211378.98,244757.9,146410.82,294564.76,202318.09,176403.91,226407.29,275775.89,191418.22,95154.27,143470.89,Cuota adicional,Cuota adicional,Uniforme,Uniforme,Descuento hermanos,Matrícula,Recargo por mora,Descuento hermanos,Descuento hermanos,Matrícula,Material deportivo,Pago anticipado,Descuento hermanos,Torneo interno,Campamento,Cuota adicional,Campamento,Matrícula,Cuota adicional,Uniforme,Descuento hermanos,Material deportivo,Matrícula,Campamento,Pago anticipado,Cuota adicional,Descuento hermanos,Material deportivo,Material deportivo,Matrícula,PSE,PSE,Nequi,Tarjeta,Tarjeta,Tarjeta,Tarjeta,Nequi,Daviplata,Transferencia,Tarjeta,PSE,Nequi,Daviplata,Efectivo,Efectivo,Tarjeta,Tarjeta,Tarjeta,Transferencia,Nequi,Nequi,Transferencia,PSE,Daviplata,PSE,PSE,Transferencia,PSE,Transferencia,REC-787123,REC-616174,REC-261293,REC-116176,REC-613935,REC-587144,REC-149712,REC-655948,REC-535384,REC-137122,REC-337338,REC-567966,REC-897467,REC-195064,REC-823024,REC-481406,REC-305379,REC-556761,REC-876539,REC-287928,REC-921135,REC-257395,REC-632863,REC-634874,REC-402434,REC-984524,REC-742167,REC-933318,REC-275844,REC-179528,cancelled,active,active
Noelia,Flor,CE,81249799,amadorarteaga@example.org,03169084065,active,Sede Badajoz,132656.83,254050.16,196558.82,144598.55,254919.54,233446.76,71168.13,286711.61,168051.84,67827.59,,,,,,,,,,,,,,,,,,,,,Mensualidad,Descuento hermanos,Uniforme,Descuento hermanos,Recargo por mora,Pago anticipado,Mensualidad,Recargo por mora,Pago anticipado,Cuota adicional,,,,,,,,,,,,,,,,,,,,,Transferencia,Daviplata,Transferencia,Efectivo,Tarjeta,Efectivo,Daviplata,Efectivo,Nequi,Efectivo,,,,,,,,,,,,,,,,,,,,,REC-352099,REC-996514,REC-232857,REC-277066,REC-891053,REC-732105,REC-286959,REC-364182,REC-895190,REC-645074,,,,,,,,,,,,,,,,,,,,,active,,
Lola,Mas,CE,81621574,griselda65@example.com,(340) 5821419,active,Sede Suba,71410.85,170478.02,63336.83,69234.83,230721.33,86357.43,167212.09,224086.34,104582.74,59554.92,107400.37,199079.57,257266.93,155118.78,238308.69,169289.68,140796.84,242853.25,68091.19,239049.43,,,,,,,,,,,Descuento hermanos,Mensualidad,Mensualidad,Uniforme,Torneo interno,Cuota adicional,Matrícula,Mensualidad,Pago anticipado,Pago anticipado,Torneo interno,Campamento,Matrícula,Descuento hermanos,Recargo por mora,Recargo por mora,Descuento hermanos,Uniforme,Descuento hermanos,Mensualidad,,,,,,,,,,,Efectivo,Nequi,Daviplata,Tarjeta,Efectivo,Transferencia,Daviplata,Tarjeta,Daviplata,Transferencia,Nequi,PSE,Efectivo,Tarjeta,PSE,Daviplata,Transferencia,Transferencia,Daviplata,PSE,,,,,,,,,,,REC-425531,REC-469218,REC-635178,REC-461584,REC-611915,REC-680232,REC-250517,REC-940619,REC-284427,REC-407673,REC-433883,REC-602979,REC-332831,REC-847194,REC-852862,REC-345075,REC-261448,REC-171753,REC-808791,REC-488142,,,,,,,,,,,active,active,
Cristina,Ariño,RC,82238741,riusgema@example.net,(301) 7523941,active,Sede Cáceres,163475.29,176887.83,232132.51,250988.94,202024.38,61020.51,205068.64,219305.03,215476.44,252198.96,265651.05,224885.71,157924.39,51001.15,137129.37,54373.57,271210.74,248153.58,234156.4,132772.51,294662.96,286706.98,265150.5,179350.81,236230.94,247950.48,239843.23,114190.28,283044.86,297849.71,Matrícula,Material deportivo,Campamento,Recargo por mora,Mensualidad,Torneo interno,Matrícula,Matrícula,Descuento hermanos,Uniforme,Uniforme,Descuento hermanos,Campamento,Material deportivo,Recargo por mora,Uniforme,Recargo por mora,Recargo por mora,Campamento,Material deportivo,Recargo por mora,Recargo por mora,Material deportivo,Material deportivo,Recargo por mora,Uniforme,Descuento hermanos,Campamento,Campamento,Mensualidad,Efectivo,Nequi,PSE,Daviplata,Transferencia,Nequi,Tarjeta,Daviplata,Efectivo,PSE,Transferencia,Efectivo,Daviplata,Daviplata,Nequi,Daviplata,PSE,PSE,Tarjeta,Transferencia,Nequi,Transferencia,Efectivo,Tarjeta,Transferencia,Nequi,PSE,PSE,Efectivo,Tarjeta,REC-286340,REC-205255,REC-626347,REC-886267,REC-843265,REC-807819,REC-816721,REC-926478,REC-936403,REC-601463,REC-375682,REC-330360,REC-500959,REC-207750,REC-262955,REC-783351,REC-479596,REC-383306,REC-555834,REC-374302,REC-974195,REC-393712,REC-923743,REC-922178,REC-204604,REC-110856,REC-970208,REC-185214,REC-240571,REC-679016,expired,active,cancelled
Carmen,Roma,CC,84270583,caparroscarlos@example.net,+57 308 753 9042,active,Sede Chapinero,163206.32,286050.47,262843.96,117146.77,81157.23,253580.25,120488.09,278436.09,227923.03,81750.09,261973.46,65535.72,263901.37,128767.82,239017.28,100382.31,128807.46,255861.1,163733.16,173971.65,133889.23,122581.45,73804.93,251907.52,282803.79,94328.65,258108.0,163952.11,101210.91,235883.88,Torneo interno,Uniforme,Recargo por mora,Descuento hermanos,Cuota adicional,Pago anticipado,Cuota adicional,Pago anticipado,Recargo por mora,Uniforme,Cuota adicional,Uniforme,Pago anticipado,Torneo interno,Campamento,Uniforme,Material deportivo,Campamento,Pago anticipado,Mensualidad,Mensualidad,Cuota adicional,Cuota adicional,Descuento hermanos,Cuota adicional,Torneo interno,Material deportivo,Material deportivo,Descuento hermanos,Recargo por mora,Tarjeta,Efectivo,Tarjeta,Transferencia,Efectivo,Tarjeta,Transferencia,PSE,PSE,Tarjeta,Nequi,Daviplata,Efectivo,PSE,Transferencia,Efectivo,Efectivo,Nequi,Transferencia,PSE,Nequi,Tarjeta,Tarjeta,Nequi,PSE,Efectivo,PSE,Tarjeta,Tarjeta,Transferencia,REC-115530,REC-484213,REC-473707,REC-379708,REC-280761,REC-180777,REC-564327,REC-104622,REC-764728,REC-624592,REC-526173,REC-712838,REC-471186,REC-677024,REC-447732,REC-303697,REC-937423,REC-825255,REC-305632,REC-854245,REC-123905,REC-134848,REC-453701,REC-845959,REC-772568,REC-557295,REC-423695,REC-779721,REC-738042,REC-320730,cancelled,active,active
Leyre,Mesa,RC,84593961,cperea@example.net,(303) 6261415,active,Sede Sur,152058.62,84948.31,270677.24,116280.51,90259.96,218728.67,289594.06,70820.86,67422.41,130361.41,140953.27,201159.2,80655.75,271392.4,171999.51,275968.72,139030.8,62141.19,206246.99,133424.7,,,,,,,,,,,Uniforme,Pago anticipado,Campamento,Cuota adicional,Material deportivo,Matrícula,Uniforme,Mensualidad,Campamento,Material deportivo,Pago anticipado,Mensualidad,Cuota adicional,Matrícula,Descuento hermanos,Matrícula,Cuota adicional,Cuota adicional,Torneo interno,Matrícula,,,,,,,,,,,PSE,Daviplata,Efectivo,Tarjeta,PSE,Nequi,Transferencia,Transferencia,Transferencia,Transferencia,Efectivo,Transferencia,Daviplata,Efectivo,Nequi,Efectivo,PSE,Nequi,PSE,Tarjeta,,,,,,,,,,,REC-754376,REC-938617,REC-583358,REC-626622,REC-840534,REC-341218,REC-480214,REC-574367,REC-322748,REC-103463,REC-413538,REC-187620,REC-891906,REC-653392,REC-974376,REC-534785,REC-373484,REC-172517,REC-111014,REC-678529,,,,,,,,,,,active,active,
Tito,Montserrat,CE,88862539,csala@example.net,3204743397,active,Sede Ourense,268458.35,278781.13,186579.39,66259.16,253781.06,289521.48,199428.12,202433.0,283874.38,76234.86,104113.77,101135.29,54627.48,254368.19,136984.43,287656.99,296330.95,211479.13,179400.72,96429.44,165020.15,98117.71,222416.91,233636.36,267583.89,218359.12,99526.39,299822.73,287563.43,278965.52,Cuota adicional,Matrícula,Mensualidad,Uniforme,Mensualidad,Matrícula,Torneo interno,Campamento,Pago anticipado,Material deportivo,Uniforme,Uniforme,Pago anticipado,Pago anticipado,Mensualidad,Mensualidad,Mensualidad,Uniforme,Torneo interno,Mensualidad,Material deportivo,Cuota adicional,Cuota adicional,Mensualidad,Campamento,Matrícula,Matrícula,Campamento,Descuento hermanos,Recargo por mora,Nequi,Daviplata,PSE,Daviplata,Efectivo,Nequi,Efectivo,PSE,Daviplata,Transferencia,Efectivo,Nequi,Nequi,Nequi,Nequi,Transferencia,Efectivo,PSE,PSE,Efectivo,Daviplata,Nequi,Daviplata,Transferencia,Daviplata,PSE,Daviplata,Transferencia,Transferencia,Tarjeta,REC-741533,REC-305513,REC-627323,REC-953417,REC-684071,REC-299714,REC-186540,REC-907501,REC-679509,REC-362002,REC-813528,REC-549390,REC-186243,REC-756112,REC-739515,REC-353931,REC-137029,REC-664645,REC-566095,REC-898324,REC-603493,REC-245274,REC-988059,REC-787076,REC-705197,REC-743644,REC-460359,REC-757407,REC-694078,REC-766589,active,active,active
Liliana,Novoa,CE,90014570,jacintalaguna@example.net,(331) 5031966,active,Sede Norte,63075.23,50741.45,213124.31,216641.56,108453.84,126705.2,244000.05,259481.54,200533.45,95343.88,184306.26,159708.68,210473.1,197252.37,119049.85,194192.1,245974.64,125395.64,76527.89,201297.29,267629.51,58898.18,164009.92,200916.62,112496.93,261251.43,62281.62,89402.49,91938.59,85446.56,Matrícula,Recargo por mora,Pago anticipado,Descuento hermanos,Uniforme,Mensualidad,Matrícula,Material deportivo,Recargo por mora,Torneo interno,Pago anticipado,Campamento,Pago anticipado,Cuota adicional,Pago anticipado,Pago anticipado,Cuota adicional,Recargo por mora,Campamento,Campamento,Torneo interno,Pago anticipado,Campamento,Uniforme,Recargo por mora,Campamento,Matrícula,Campamento,Descuento hermanos,Descuento hermanos,Efectivo,Transferencia,PSE,Tarjeta,Transferencia,PSE,Efectivo,PSE,Transferencia,PSE,Nequi,Nequi,Transferencia,PSE,Transferencia,Nequi,Daviplata,Tarjeta,Transferencia,Transferencia,Daviplata,Nequi,Daviplata,Transferencia,Efectivo,PSE,Tarjeta,Daviplata,Daviplata,PSE,REC-511254,REC-322157,REC-838127,REC-636225,REC-660818,REC-486287,REC-430735,REC-830234,REC-452879,REC-227373,REC-893513,REC-660634,REC-598853,REC-318368,REC-888922,REC-118733,REC-802563,REC-519377,REC-682526,REC-900653,REC-777973,REC-897129,REC-121900,REC-743122,REC-251223,REC-129280,REC-746191,REC-564019,REC-852769,REC-618414,expired,active,active
Verónica,Aller,CC,91737913,atapia@example.com,03115584716,active,Sede Suba,293378.86,92617.5,222835.95,190526.25,176116.96,129016.24,145382.93,172492.55,281058.73,252292.55,,,,,,,,,,,,,,,,,,,,,Recargo por mora,Material deportivo,Descuento hermanos,Descuento hermanos,Mensualidad,Material deportivo,Torneo interno,Mensualidad,Torneo interno,Torneo interno,,,,,,,,,,,,,,,,,,,,,Transferencia,PSE,Nequi,Efectivo,Tarjeta,Nequi,PSE,Daviplata,Tarjeta,Nequi,,,,,,,,,,,,,,,,,,,,,REC-795028,REC-137370,REC-324271,REC-758022,REC-907783,REC-151393,REC-187476,REC-642298,REC-527726,REC-996503,,,,,,,,,,,,,,,,,,,,,active,,
Lina,Plana,CE,91883846,ppulido@example.org,(308) 1760793,active,Sede Sur,60494.81,284218.8,219031.82,115522.56,113066.06,88791.77,175694.79,135083.64,128222.25,65765.12,153294.27,143920.97,240435.85,253391.59,183379.8,206615.63,140638.97,228438.48,100236.13,243103.6,203803.67,291514.98,259506.94,288597.29,71592.05,231172.34,178568.08,277164.57,91270.51,118429.08,Torneo interno,Campamento,Recargo por mora,Mensualidad,Matrícula,Descuento hermanos,Matrícula,Campamento,Uniforme,Uniforme,Uniforme,Uniforme,Pago anticipado,Recargo por mora,Pago anticipado,Descuento hermanos,Pago anticipado,Uniforme,Descuento hermanos,Uniforme,Recargo por mora,Uniforme,Material deportivo,Torneo interno,Mensualidad,Descuento hermanos,Matrícula,Torneo interno,Pago anticipado,Recargo por mora,Tarjeta,Efectivo,PSE,Efectivo,Tarjeta,Efectivo,Efectivo,Nequi,Tarjeta,Daviplata,Daviplata,Efectivo,Daviplata,Tarjeta,Tarjeta,Efectivo,Nequi,PSE,Daviplata,Tarjeta,Nequi,Efectivo,PSE,Tarjeta,PSE,Transferencia,Efectivo,PSE,PSE,Daviplata,REC-499410,REC-447382,REC-329855,REC-728006,REC-221792,REC-960918,REC-755961,REC-288995,REC-305502,REC-942128,REC-864198,REC-275122,REC-897854,REC-393410,REC-531413,REC-929869,REC-108596,REC-441159,REC-214348,REC-333654,REC-173926,REC-800636,REC-248230,REC-764815,REC-577244,REC-752068,REC-692481,REC-711201,REC-946811,REC-470308,active,expired,active
Encarnación,Mascaró,RC,93176117,tabad@example.com,340-360-8529,active,Sede Cáceres,92372.22,166452.64,101004.83,74062.53,183257.1,72156.34,247003.3,260643.12,165897.29,295572.11,221985.81,297442.06,279769.71,229816.28,156321.87,227832.89,70036.41,100299.71,291033.52,173228.6,261075.95,90081.69,230528.74,201213.4,142710.08,69319.3,132299.05,290720.85,213751.21,223959.8,Cuota adicional,Descuento hermanos,Material deportivo,Matrícula,Mensualidad,Mensualidad,Mensualidad,Cuota adicional,Recargo por mora,Campamento,Mensualidad,Campamento,Descuento hermanos,Campamento,Pago anticipado,Mensualidad,Mensualidad,Pago anticipado,Campamento,Descuento hermanos,Recargo por mora,Recargo por mora,Pago anticipado,Cuota adicional,Cuota adicional,Matrícula,Uniforme,Torneo interno,Torneo interno,Cuota adicional,Nequi,Nequi,Daviplata,Nequi,PSE,Tarjeta,Efectivo,PSE,Daviplata,Efectivo,Nequi,Transferencia,Efectivo,PSE,Tarjeta,PSE,Transferencia,PSE,Tarjeta,Tarjeta,Transferencia,Daviplata,PSE,Daviplata,Transferencia,Nequi,Daviplata,Efectivo,PSE,Transferencia,REC-220196,REC-560992,REC-864694,REC-666994,REC-471553,REC-745713,REC-508816,REC-919070,REC-305055,REC-541894,REC-654894,REC-935030,REC-976692,REC-388688,REC-610929,REC-287694,REC-256472,REC-865712,REC-512790,REC-604265,REC-580412,REC-909392,REC-524954,REC-328450,REC-399589,REC-923131,REC-294588,REC-407864,REC-113560,REC-444745,active,active,active
Gracia,Naranjo,TI,94322033,gutierrezhortensia@example.com,302-693-6977,suspended,Sede Navarra,264029.03,192902.76,238362.15,209198.55,81296.01,59811.04,57444.7,121633.84,212517.34,168487.78,280326.36,54405.97,274725.54,88224.85,178341.82,282033.66,66165.18,70088.92,266573.28,298859.35,168619.22,202749.65,98982.43,224635.69,199275.84,140273.79,80631.97,225773.76,84390.28,213124.49,Uniforme,Pago anticipado,Campamento,Matrícula,Cuota adicional,Recargo por mora,Cuota adicional,Matrícula,Descuento hermanos,Matrícula,Uniforme,Recargo por mora,Recargo por mora,Torneo interno,Uniforme,Material deportivo,Matrícula,Pago anticipado,Material deportivo,Uniforme,Descuento hermanos,Campamento,Material deportivo,Recargo por mora,Pago anticipado,Cuota adicional,Material deportivo,Campamento,Descuento hermanos,Pago anticipado,Daviplata,Efectivo,Tarjeta,Daviplata,Nequi,Efectivo,Nequi,Nequi,Efectivo,PSE,PSE,PSE,Efectivo,Tarjeta,Nequi,Transferencia,Efectivo,PSE,Daviplata,PSE,Nequi,Efectivo,Transferencia,Daviplata,PSE,Tarjeta,Daviplata,PSE,Tarjeta,Efectivo,REC-124424,REC-694975,REC-854676,REC-922216,REC-174926,REC-678664,REC-702357,REC-778879,REC-738148,REC-109468,REC-748930,REC-818721,REC-170097,REC-961039,REC-618189,REC-657787,REC-629146,REC-537251,REC-189425,REC-985561,REC-906954,REC-609690,REC-161941,REC-974736,REC-493699,REC-188226,REC-315848,REC-696140,REC-843428,REC-405777,active,expired,active
Juan José,Romero,RC,95320121,oparedes@example.org,03135479144,active,Sede Norte,178675.55,92047.52,227074.25,226046.12,134946.07,291653.1,69734.98,139336.1,273242.2,128781.76,283557.72,174718.59,76552.66,179733.75,130110.35,51900.58,262648.46,207881.13,180012.07,253732.96,61810.82,53262.06,216606.77,104057.95,79629.37,61401.78,185690.27,270125.03,277325.64,67665.42,Campamento,Torneo interno,Torneo interno,Uniforme,Descuento hermanos,Recargo por mora,Uniforme,Mensualidad,Recargo por mora,Mensualidad,Uniforme,Campamento,Descuento hermanos,Recargo por mora,Torneo interno,Pago anticipado,Uniforme,Recargo por mora,Torneo interno,Campamento,Cuota adicional,Pago anticipado,Recargo por mora,Recargo por mora,Cuota adicional,Matrícula,Uniforme,Torneo interno,Cuota adicional,Recargo por mora,Nequi,Efectivo,Daviplata,Tarjeta,PSE,Nequi,Efectivo,Efectivo,Nequi,Transferencia,PSE,Nequi,Nequi,PSE,PSE,Transferencia,Transferencia,Transferencia,Transferencia,PSE,Tarjeta,Efectivo,Efectivo,Transferencia,Transferencia,Daviplata,Nequi,Daviplata,Nequi,Efectivo,REC-561941,REC-751147,REC-775192,REC-677497,REC-975302,REC-716772,REC-854423,REC-537970,REC-559000,REC-187197,REC-513209,REC-153777,REC-483573,REC-685823,REC-401260,REC-225805,REC-674541,REC-800188,REC-916102,REC-444094,REC-461667,REC-549286,REC-511744,REC-112797,REC-132959,REC-897250,REC-198351,REC-671938,REC-253624,REC-610544,expired,active,active
Miguel,Berrocal,CC,97874085,eutropioguardia@example.com,314-523-6553,active,Sede Norte,253930.11,58079.53,176768.89,124237.17,169270.39,163416.08,218420.94,206106.71,228024.62,193900.08,,,,,,,,,,,,,,,,,,,,,Mensualidad,Descuento hermanos,Torneo interno,Recargo por mora,Campamento,Mensualidad,Torneo interno,Material deportivo,Uniforme,Mensualidad,,,,,,,,,,,,,,,,,,,,,Daviplata,Efectivo,Tarjeta,Daviplata,Efectivo,Tarjeta,Nequi,Tarjeta,Nequi,Efectivo,,,,,,,,,,,,,,,,,,,,,REC-592262,REC-879966,REC-433703,REC-177437,REC-823589,REC-504030,REC-516164,REC-950774,REC-684115,REC-279686,,,,,,,,,,,,,,,,,,,,,active,,
León,Baños,CC,98269682,pascual86@example.net,323-737-9167,active,Sede Sur,93430.48,145215.96,236471.04,216456.89,184895.6,242320.59,228472.86,117508.22,190189.94,257235.24,208346.56,262005.08,245605.3,106117.12,125626.87,141663.95,82214.7,117554.92,112369.85,218503.04,,,,,,,,,,,Material deportivo,Mensualidad,Matrícula,Descuento hermanos,Cuota adicional,Descuento hermanos,Cuota adicional,Material deportivo,Material deportivo,Mensualidad,Campamento,Cuota adicional,Material deportivo,Pago anticipado,Recargo por mora,Descuento hermanos,Descuento hermanos,Campamento,Pago anticipado,Pago anticipado,,,,,,,,,,,Nequi,Nequi,Transferencia,Daviplata,Efectivo,Transferencia,PSE,Transferencia,Daviplata,Daviplata,Tarjeta,Nequi,Efectivo,Transferencia,Tarjeta,Daviplata,Daviplata,Efectivo,Transferencia,PSE,,,,,,,,,,,REC-300691,REC-809257,REC-509083,REC-932677,REC-927996,REC-242975,REC-893251,REC-246044,REC-833778,REC-551575,REC-893404,REC-606064,REC-632090,REC-444931,REC-864809,REC-630328,REC-491189,REC-606975,REC-842894,REC-871928,,,,,,,,,,,active,active,
Rosario,Lara,TI,98429450,bmachado@example.net,(312) 3472189,suspended,Sede Centro,112453.75,172219.08,235308.14,184159.91,210498.26,100352.68,170168.58,196265.81,285012.01,92432.83,,,,,,,,,,,,,,,,,,,,,Mensualidad,Uniforme,Descuento hermanos,Torneo interno,Cuota adicional,Uniforme,Matrícula,Mensualidad,Cuota adicional,Recargo por mora,,,,,,,,,,,,,,,,,,,,,PSE,Tarjeta,Efectivo,Nequi,Efectivo,Tarjeta,Efectivo,Nequi,Nequi,Daviplata,,,,,,,,,,,,,,,,,,,,,REC-760000,REC-667758,REC-980813,REC-169470,REC-650009,REC-743729,REC-686443,REC-737455,REC-903164,REC-719452,,,,,,,,,,,,,,,,,,,,,active,,
Cruz,Barrera,RC,99600766,baudelio09@example.com,(327) 8481188,active,Sede Badajoz,90016.29,277289.05,172296.73,118806.25,140890.72,58206.57,132335.08,182098.54,85679.85,215172.19,,,,,,,,,,,,,,,,,,,,,Recargo por mora,Torneo interno,Torneo interno,Material deportivo,Cuota adicional,Torneo interno,Campamento,Descuento hermanos,Cuota adicional,Cuota adicional,,,,,,,,,,,,,,,,,,,,,Tarjeta,Transferencia,Tarjeta,Daviplata,Efectivo,Tarjeta,Tarjeta,Tarjeta,Tarjeta,PSE,,,,,,,,,,,,,,,,,,,,,REC-239924,REC-735165,REC-286063,REC-230419,REC-297558,REC-861467,REC-685096,REC-908887,REC-806372,REC-426633,,,,,,,,,,,,,,,,,,,,,expired,,
Benjamín,Quevedo,RC,99913412,nereida13@example.org,(330) 4731818,active,Sede Norte,80725.93,242524.58,260882.41,118584.23,52340.16,102510.66,97990.28,297998.24,278376.93,213976.97,,,,,,,,,,,,,,,,,,,,,Recargo por mora,Uniforme,Campamento,Recargo por mora,Campamento,Campamento,Descuento hermanos,Pago anticipado,Campamento,Descuento hermanos,,,,,,,,,,,,,,,,,,,,,Efectivo,Nequi,Daviplata,Tarjeta,Efectivo,Tarjeta,Tarjeta,Tarjeta,PSE,Transferencia,,,,,,,,,,,,,,,,,,,,,REC-864700,REC-781755,REC-260984,REC-624281,REC-472546,REC-415676,REC-305972,REC-238050,REC-992403,REC-934847,,,,,,,,,,,,,,,,,,,,,active,,
